file_name,image_id
1-10-24__subdir__2024_01_10__subdir__IMG_0003_1,100000
1-13-25__subdir__2025_01_13__subdir__IMG_0049,200000
1-14-25__subdir__2025_01_14__subdir__IMG_0087,300000
1-16-25__subdir__2025_01_16__subdir__IMG_0002_1,400000
1-16-25__subdir__2025_01_16__subdir__IMG_0006,500000
1-17-25__subdir__2025_01_17__subdir__IMG_0016,600000
1-18-24__subdir__2024_01_18__subdir__IMG_0008,700000
1-18-24__subdir__2024_01_18__subdir__IMG_0043,800000
1-18-24__subdir__2024_01_18__subdir__IMG_0045,900000
1-18-24__subdir__2024_01_18__subdir__IMG_0047,1000000
1-23-24__subdir__2024_01_23__subdir__IMG_0057,1100000
1-24-24__subdir__2024_01_24__subdir__IMG_0001,1200000
1-25-24__subdir__2024_01_25__subdir__IMG_0017,1300000
1-29-24__subdir__2024_01_29__subdir__IMG_0001,1400000
1-29-24__subdir__2024_01_29__subdir__IMG_0009,1500000
1-29-24__subdir__2024_01_29__subdir__IMG_0068,1600000
1-3-24__subdir__2024_01_03__subdir__IMG_0009_1,1700000
1-3-24__subdir__2024_01_03__subdir__IMG_0046_2,1800000
1-3-24__subdir__2024_01_03__subdir__IMG_0053_2,1900000
1-3-24__subdir__2024_01_03__subdir__IMG_0061,2000000
1-3-24__subdir__2024_01_03__subdir__IMG_0063,2100000
1-3-24__subdir__2024_01_03__subdir__IMG_0073_1,2200000
1-3-24__subdir__2024_01_03__subdir__IMG_0118,2300000
1-3-25__subdir__2025_01_03__subdir__IMG_0035,2400000
1-30-24__subdir__2024_01_30__subdir__IMG_0010,2500000
1-30-24__subdir__2024_01_30__subdir__IMG_0022_1,2600000
1-30-24__subdir__2024_01_30__subdir__IMG_0027_1,2700000
1-30-24__subdir__2024_01_30__subdir__IMG_0044_1,2800000
1-31-24__subdir__2024_01_31__subdir__IMG_0016_1,2900000
1-31-24__subdir__2024_01_31__subdir__IMG_0020,3000000
1-7-25__subdir__2025_01_07__subdir__IMG_0002,3100000
1-7-25__subdir__2025_01_07__subdir__IMG_0019_1,3200000
1-7-25__subdir__2025_01_07__subdir__IMG_0032,3300000
1-8-24__subdir__2024_01_08__subdir__IMG_0021,3400000
1-8-24__subdir__2024_01_08__subdir__IMG_0031_1,3500000
1-8-24__subdir__2024_01_08__subdir__IMG_0033_1,3600000
1-8-25__subdir__2025_01_08__subdir__IMG_0010_1,3700000
1-8-25__subdir__2025_01_08__subdir__IMG_0016_1,3800000
1-8-25__subdir__2025_01_08__subdir__IMG_0058,3900000
1-9-24__subdir__2024_01_09__subdir__IMG_0024_1,4000000
1-9-24__subdir__2024_01_09__subdir__IMG_0027,4100000
1-9-24__subdir__2024_01_09__subdir__IMG_0046,4200000
1-9-24__subdir__2024_01_09__subdir__IMG_0068,4300000
10-10-24__subdir__2024_10_10__subdir__IMG_0009,4400000
10-10-24__subdir__2024_10_10__subdir__IMG_0052,4500000
10-10-24__subdir__2024_10_10__subdir__IMG_0057_1,4600000
10-15-24__subdir__2024_10_15__subdir__IMG_0079,4700000
10-15-24__subdir__2024_10_15__subdir__IMG_0084,4800000
10-16-24__subdir__2024_10_16__subdir__IMG_0023,4900000
10-16-24__subdir__2024_10_16__subdir__IMG_0089,5000000
10-16-24__subdir__2024_10_16__subdir__IMG_0090,5100000
10-16-24__subdir__2024_10_16__subdir__IMG_0111,5200000
10-16-24__subdir__2024_10_16__subdir__IMG_0125,5300000
10-2-24__subdir__2024_10_02__subdir__IMG_0081,5400000
10-31-24__subdir__2024_10_31__subdir__IMG_0008,5500000
10-31-24__subdir__2024_10_31__subdir__IMG_0028,5600000
10-7-24__subdir__2024_10_07__subdir__IMG_0041,5700000
11-1-24__subdir__2024_11_01__subdir__IMG_0083,5800000
11-1-24__subdir__2024_11_01__subdir__IMG_0101,5900000
11-1-24__subdir__2024_11_01__subdir__IMG_0111,6000000
11-1-24__subdir__2024_11_01__subdir__IMG_0114,6100000
11-14-24__subdir__2024_11_14__subdir__IMG_0018,6200000
11-14-24__subdir__2024_11_14__subdir__IMG_0034,6300000
11-14-24__subdir__2024_11_14__subdir__IMG_0056,6400000
11-20-23__subdir__2019_03_25__subdir__IMG_0028,6500000
11-20-23__subdir__2019_03_25__subdir__IMG_0035,6600000
11-20-23__subdir__IMG_0064,6700000
11-21-23__subdir__2019_03_26__subdir__IMG_0019,6800000
11-21-23__subdir__2019_03_26__subdir__IMG_0053,6900000
11-21-23__subdir__2019_03_26__subdir__IMG_0060,7000000
11-21-23__subdir__2019_03_26__subdir__IMG_0068,7100000
11-26-24__subdir__2024_11_26__subdir__IMG_0005_1,7200000
11-26-24__subdir__2024_11_26__subdir__IMG_0042,7300000
11-27-23__subdir__2019_04_01__subdir__IMG_0020,7400000
11-27-23__subdir__2019_04_01__subdir__IMG_0045_1,7500000
11-27-23__subdir__2019_04_01__subdir__IMG_0048_1,7600000
11-27-23__subdir__2019_04_01__subdir__IMG_0067,7700000
11-27-23__subdir__2019_04_01__subdir__IMG_0089_1,7800000
11-27-23__subdir__2019_04_01__subdir__IMG_0091_1,7900000
11-27-23__subdir__2019_04_01__subdir__IMG_0153,8000000
11-27-23__subdir__2019_04_01__subdir__IMG_0156,8100000
11-27-23__subdir__2019_04_01__subdir__IMG_0180,8200000
11-28-23__subdir__2019_04_01__subdir__IMG_0007_2,8300000
11-28-23__subdir__2019_04_01__subdir__IMG_0009_1,8400000
11-29-23__subdir__2019_04_02__subdir__IMG_0013,8500000
11-29-23__subdir__2019_04_02__subdir__IMG_0014,8600000
11-29-23__subdir__2019_04_02__subdir__IMG_0020,8700000
11-29-23__subdir__2019_04_02__subdir__IMG_0024,8800000
11-29-23__subdir__2019_04_02__subdir__IMG_0033,8900000
11-29-23__subdir__2019_04_03__subdir__IMG_0115,9000000
11-29-23__subdir__2019_04_03__subdir__IMG_0164,9100000
11-8-24__subdir__2024_11_08__subdir__IMG_0063,9200000
11-8-24__subdir__2024_11_08__subdir__IMG_0122,9300000
11-8-24__subdir__2024_11_08__subdir__IMG_0135,9400000
11-8-24__subdir__2024_11_08__subdir__IMG_0153,9500000
12-1-23__subdir__2019_04_05__subdir__IMG_0049,9600000
12-1-23__subdir__2019_04_05__subdir__IMG_0061,9700000
12-13-24__subdir__2024_12_13__subdir__IMG_0002,9800000
12-13-24__subdir__2024_12_13__subdir__IMG_0011,9900000
12-13-24__subdir__2024_12_13__subdir__IMG_0018_1,10000000
12-13-24__subdir__2024_12_13__subdir__IMG_0034_1,10100000
12-13-24__subdir__2024_12_13__subdir__IMG_0054_1,10200000
12-13-24__subdir__2024_12_13__subdir__IMG_0077,10300000
12-15-23__subdir__2023_12_15__subdir__IMG_0022,10400000
12-2-24__subdir__2024_12_02__subdir__IMG_0040,10500000
12-2-24__subdir__2024_12_02__subdir__IMG_0059,10600000
12-20-23__subdir__2023_12_20__subdir__IMG_0004_1,10700000
12-20-23__subdir__2023_12_20__subdir__IMG_0006,10800000
12-29-23__subdir__2023_12_29__subdir__IMG_0081,10900000
12-29-23__subdir__2023_12_29__subdir__IMG_0101,11000000
12-3-24__subdir__2024_12_03__subdir__IMG_0008,11100000
12-3-24__subdir__2024_12_03__subdir__IMG_0013,11200000
12-3-24__subdir__2024_12_03__subdir__IMG_0015,11300000
12-3-24__subdir__2024_12_03__subdir__IMG_0065,11400000
12-3-24__subdir__2024_12_03__subdir__IMG_0072,11500000
12-3-24__subdir__2024_12_03__subdir__IMG_0082,11600000
12-3-24__subdir__2024_12_03__subdir__IMG_0099,11700000
12-4-23__subdir__2023_12_04__subdir__IMG_0060,11800000
12-4-23__subdir__2023_12_04__subdir__IMG_0109,11900000
12-4-23__subdir__2023_12_04__subdir__IMG_0129,12000000
12-4-23__subdir__2023_12_04__subdir__IMG_0154,12100000
12-4-23__subdir__2023_12_04__subdir__IMG_0171,12200000
12-4-23__subdir__IMG_0048,12300000
12-5-23__subdir__2023_12_05__subdir__IMG_0013_1,12400000
12-5-23__subdir__2023_12_05__subdir__IMG_0031,12500000
12-5-23__subdir__2023_12_05__subdir__IMG_0061_1,12600000
12-5-23__subdir__2023_12_05__subdir__IMG_0074,12700000
12-5-23__subdir__2023_12_05__subdir__IMG_0115,12800000
12-5-23__subdir__2023_12_05__subdir__IMG_0124,12900000
12-5-23__subdir__2023_12_05__subdir__IMG_0151,13000000
12-5-23__subdir__2023_12_05__subdir__IMG_0166,13100000
12-5-23__subdir__2023_12_05__subdir__IMG_0176,13200000
12-5-23__subdir__2023_12_05__subdir__IMG_0271,13300000
12-5-24__subdir__2024_12_05__subdir__IMG_0062,13400000
12-5-24__subdir__2024_12_05__subdir__IMG_0094,13500000
12-6-23__subdir__2023_12_06__subdir__IMG_0018,13600000
12-6-23__subdir__2023_12_06__subdir__IMG_0073,13700000
12-6-23__subdir__2023_12_06__subdir__IMG_0167,13800000
12-6-23__subdir__2023_12_06__subdir__IMG_0174,13900000
12-6-24__subdir__2024_12_06__subdir__IMG_0010_1,14000000
12-6-24__subdir__2024_12_06__subdir__IMG_0016,14100000
12-7-23__subdir__2023_12_07__subdir__IMG_0080,14200000
2-13-24__subdir__2024_02_13__subdir__IMG_0041,14300000
2-14-24__subdir__2024_02_14__subdir__IMG_0004,14400000
2-14-24__subdir__2024_02_14__subdir__IMG_0009,14500000
2-14-24__subdir__2024_02_14__subdir__IMG_0022,14600000
2-14-24__subdir__2024_02_14__subdir__IMG_0099,14700000
2-15-24__subdir__2024_02_15__subdir__IMG_0010_1,14800000
2-15-24__subdir__2024_02_15__subdir__IMG_0016,14900000
2-15-24__subdir__2024_02_15__subdir__IMG_0016_1,15000000
2-15-24__subdir__2024_02_15__subdir__IMG_0032,15100000
2-15-24__subdir__2024_02_15__subdir__IMG_0110,15200000
2-20-24__subdir__2024_02_20__subdir__IMG_0006,15300000
2-20-24__subdir__2024_02_20__subdir__IMG_0007_2,15400000
2-21-24__subdir__2024_02_21__subdir__IMG_0010,15500000
2-21-24__subdir__2024_02_21__subdir__IMG_0048,15600000
2-22-24__subdir__2024_02_22__subdir__IMG_0041,15700000
2-22-24__subdir__2024_02_22__subdir__IMG_0061,15800000
2-22-24__subdir__2024_02_22__subdir__IMG_0083,15900000
2-25-24__subdir__2024_02_25__subdir__IMG_0035,16000000
2-25-24__subdir__2024_02_25__subdir__IMG_0036,16100000
2-25-24__subdir__2024_02_25__subdir__IMG_0077,16200000
2-25-24__subdir__2024_02_25__subdir__IMG_0084,16300000
2-27-24__subdir__2024_02_27__subdir__IMG_0083,16400000
2-29-24__subdir__2024_02_29__subdir__IMG_0010,16500000
2-5-24__subdir__2024_02_05__subdir__IMG_0012,16600000
2-6-24__subdir__2024_02_06__subdir__IMG_0016_1,16700000
2-6-24__subdir__2024_02_06__subdir__IMG_0048,16800000
2-8-24__subdir__2024_02_08__subdir__IMG_0069,16900000
3-28-24__subdir__2024_03_28__subdir__IMG_0019,17000000
3-7-24__subdir__2024_03_07__subdir__IMG_0016,17100000
3-7-24__subdir__2024_03_07__subdir__IMG_0048,17200000
3-7-24__subdir__2024_03_07__subdir__IMG_0067,17300000
3-7-24__subdir__2024_03_07__subdir__IMG_0143,17400000
3-7-24__subdir__2024_03_07__subdir__IMG_0150,17500000
3-7-24__subdir__2024_03_07__subdir__IMG_0164,17600000
3-7-24__subdir__2024_03_07__subdir__IMG_0191,17700000
3-7-24__subdir__2024_03_07__subdir__IMG_0209,17800000
3-7-24__subdir__2024_03_07__subdir__IMG_0228,17900000
3-8-24__subdir__2024_03_08__subdir__IMG_0037,18000000
3-8-24__subdir__2024_03_08__subdir__IMG_0070,18100000
4-1-24__subdir__2024_04_01__subdir__IMG_0004,18200000
4-1-24__subdir__2024_04_01__subdir__IMG_0013,18300000
4-1-24__subdir__2024_04_01__subdir__IMG_0017,18400000
4-11-24__subdir__2024_04_11__subdir__IMG_0023,18500000
4-11-24__subdir__2024_04_11__subdir__IMG_0045,18600000
4-17-24__subdir__2024_04_17__subdir__IMG_0028_1,18700000
4-17-24__subdir__2024_04_17__subdir__IMG_0066,18800000
4-17-24__subdir__2024_04_17__subdir__IMG_0112,18900000
4-18-24__subdir__2024_04_18__subdir__IMG_0071_1,19000000
4-18-24__subdir__2024_04_18__subdir__IMG_0103,19100000
4-18-24__subdir__2024_04_18__subdir__IMG_0106,19200000
4-19-24__subdir__2024_04_19__subdir__IMG_0030,19300000
4-19-24__subdir__2024_04_19__subdir__IMG_0108,19400000
4-19-24__subdir__2024_04_19__subdir__IMG_0121,19500000
4-19-24__subdir__2024_04_19__subdir__IMG_0133,19600000
4-19-24__subdir__2024_04_19__subdir__IMG_0146,19700000
4-22-24__subdir__2024_04_22__subdir__IMG_0001,19800000
4-22-24__subdir__2024_04_22__subdir__IMG_0008_1,19900000
4-22-24__subdir__2024_04_22__subdir__IMG_0031_1,20000000
4-22-24__subdir__2024_04_22__subdir__IMG_0034,20100000
4-22-24__subdir__2024_04_22__subdir__IMG_0053_1,20200000
4-24-24__subdir__2024_04_24__subdir__IMG_0012_1,20300000
4-24-24__subdir__2024_04_24__subdir__IMG_0082,20400000
4-3-24__subdir__2024_04_03__subdir__IMG_0003_2,20500000
4-3-24__subdir__2024_04_03__subdir__IMG_0027_1,20600000
4-3-24__subdir__2024_04_03__subdir__IMG_0033_1,20700000
4-3-24__subdir__2024_04_03__subdir__IMG_0036_1,20800000
5-10-24__subdir__2024_05_10__subdir__IMG_0134,20900000
5-17-24__subdir__2024_05_17__subdir__IMG_0012_1,21000000
5-17-24__subdir__2024_05_17__subdir__IMG_0063_1,21100000
5-17-24__subdir__2024_05_17__subdir__IMG_0138,21200000
5-17-24__subdir__2024_05_17__subdir__IMG_0165,21300000
5-20-24__subdir__2024_05_20__subdir__IMG_0015,21400000
5-20-24__subdir__2024_05_20__subdir__IMG_0027,21500000
5-20-24__subdir__2024_05_20__subdir__IMG_0034,21600000
5-20-24__subdir__2024_05_20__subdir__IMG_0082,21700000
5-20-24__subdir__2024_05_20__subdir__IMG_0090,21800000
5-20-24__subdir__2024_05_20__subdir__IMG_0118,21900000
5-20-24__subdir__2024_05_20__subdir__IMG_0134,22000000
5-21-24__subdir__2024_05_21__subdir__IMG_0063,22100000
5-22-24__subdir__2024_05_22__subdir__IMG_0011_1,22200000
5-22-24__subdir__2024_05_22__subdir__IMG_0025_1,22300000
5-23-24__subdir__2024_05_23__subdir__IMG_0003,22400000
5-24-24__subdir__2024_05_24__subdir__IMG_0002_2,22500000
5-24-24__subdir__2024_05_24__subdir__IMG_0010_1,22600000
5-30-24__subdir__2024_05_30__subdir__IMG_0032,22700000
5-30-24__subdir__6-11-24__subdir__2024_06_11__subdir__IMG_0005,22800000
5-30-24__subdir__6-11-24__subdir__2024_06_11__subdir__IMG_0016,22900000
5-30-24__subdir__6-11-24__subdir__2024_06_11__subdir__IMG_0049,23000000
5-30-24__subdir__6-11-24__subdir__2024_06_11__subdir__IMG_0062,23100000
5-30-24__subdir__6-11-24__subdir__2024_06_11__subdir__IMG_0078,23200000
5-30-24__subdir__6-11-24__subdir__6-12-24__subdir__2024_06_12__subdir__IMG_0015,23300000
5-30-24__subdir__6-11-24__subdir__6-12-24__subdir__2024_06_12__subdir__IMG_0054,23400000
5-30-24__subdir__6-11-24__subdir__6-12-24__subdir__New folder__subdir__6-18-24__subdir__New folder (2)__subdir__6-19-24__subdir__2024_06_19__subdir__IMG_0037,23500000
5-6-24__subdir__2024_05_06__subdir__IMG_0012,23600000
5-6-24__subdir__2024_05_06__subdir__IMG_0031,23700000
5-6-24__subdir__2024_05_06__subdir__IMG_0056,23800000
5-6-24__subdir__2024_05_06__subdir__IMG_0093,23900000
5-6-24__subdir__2024_05_06__subdir__IMG_0102,24000000
5-6-24__subdir__2024_05_06__subdir__IMG_0105,24100000
5-9-24__subdir__2024_05_09__subdir__IMG_0026_1,24200000
5-9-24__subdir__2024_05_09__subdir__IMG_0045,24300000
5-9-24__subdir__2024_05_09__subdir__IMG_0048,24400000
5-9-24__subdir__2024_05_09__subdir__IMG_0078,24500000
8-12-24__subdir__2024_08_12__subdir__IMG_0037,24600000
8-12-24__subdir__2024_08_12__subdir__IMG_0057_1,24700000
8-12-24__subdir__2024_08_12__subdir__IMG_0063,24800000
8-12-24__subdir__2024_08_12__subdir__IMG_0072,24900000
8-12-24__subdir__2024_08_12__subdir__IMG_0136,25000000
8-12-24__subdir__2024_08_12__subdir__IMG_0157,25100000
8-12-24__subdir__2024_08_12__subdir__IMG_0168,25200000
8-13-24__subdir__2024_08_13__subdir__IMG_0014,25300000
8-13-24__subdir__2024_08_13__subdir__IMG_0068,25400000
8-13-24__subdir__2024_08_13__subdir__IMG_0084,25500000
8-13-24__subdir__2024_08_13__subdir__IMG_0087,25600000
8-13-24__subdir__2024_08_13__subdir__IMG_0088_1,25700000
8-13-24__subdir__2024_08_13__subdir__IMG_0133,25800000
8-13-24__subdir__2024_08_13__subdir__IMG_0137,25900000
8-13-24__subdir__2024_08_13__subdir__IMG_0155,26000000
8-13-24__subdir__2024_08_13__subdir__IMG_0158_1,26100000
8-13-24__subdir__2024_08_13__subdir__IMG_0167,26200000
8-13-24__subdir__2024_08_13__subdir__IMG_0175,26300000
8-14-24__subdir__2024_08_14__subdir__IMG_0026,26400000
8-14-24__subdir__2024_08_14__subdir__IMG_0038,26500000
8-14-24__subdir__2024_08_14__subdir__IMG_0047,26600000
8-14-24__subdir__2024_08_14__subdir__IMG_0062,26700000
8-14-24__subdir__2024_08_14__subdir__IMG_0074,26800000
8-14-24__subdir__2024_08_14__subdir__IMG_0095,26900000
8-14-24__subdir__2024_08_14__subdir__IMG_0107,27000000
8-14-24__subdir__2024_08_14__subdir__IMG_0126,27100000
8-20-24__subdir__2024_08_20__subdir__IMG_0011_1,27200000
8-20-24__subdir__2024_08_20__subdir__IMG_0028_1,27300000
8-20-24__subdir__2024_08_20__subdir__IMG_0031_1,27400000
8-20-24__subdir__2024_08_20__subdir__IMG_0032_1,27500000
8-21-24__subdir__2024_08_21__subdir__IMG_0045,27600000
8-22-24__subdir__2024_08_22__subdir__IMG_0088,27700000
8-29-24__subdir__2024_08_29__subdir__IMG_0018,27800000
8-29-24__subdir__2024_08_29__subdir__IMG_0064,27900000
8-29-24__subdir__2024_08_29__subdir__IMG_0065,28000000
8-29-24__subdir__2024_08_29__subdir__IMG_0136,28100000
8-29-24__subdir__2024_08_29__subdir__IMG_0139,28200000
8-7-24__subdir__2024_08_07__subdir__IMG_0048,28300000
8-7-24__subdir__2024_08_07__subdir__IMG_0086,28400000
8-7-24__subdir__2024_08_07__subdir__IMG_0139,28500000
8-9-24__subdir__2024_08_09__subdir__IMG_0032,28600000
9-10-24__subdir__2024_09_10__subdir__IMG_0018,28700000
9-10-24__subdir__2024_09_10__subdir__IMG_0048,28800000
9-10-24__subdir__2024_09_10__subdir__IMG_0056,28900000
9-11-24__subdir__2024_09_11__subdir__IMG_0054,29000000
9-12-24__subdir__2024_09_12__subdir__IMG_0008_1,29100000
9-12-24__subdir__2024_09_12__subdir__IMG_0013,29200000
9-17-24__subdir__2024_09_17__subdir__IMG_0001,29300000
9-17-24__subdir__2024_09_17__subdir__IMG_0020,29400000
9-26-24__subdir__2024_09_26__subdir__IMG_0025,29500000
9-26-24__subdir__2024_09_26__subdir__IMG_0043,29600000
9-26-24__subdir__2024_09_26__subdir__IMG_0053,29700000
9-26-24__subdir__2024_09_26__subdir__IMG_0060,29800000
9-3-24__subdir__2024_09_03__subdir__IMG_0038,29900000
9-6-24__subdir__2024_09_06__subdir__IMG_0036,30000000
3-8-24__subdir__2024_08_03__subdir__IMG_0110,30100000
8-14-24__subdir__2024_08_14__subdir__IMG_0021,30200000
8-14-24__subdir__2024_08_14__subdir__IMG_0025,30300000
