file_name,image_size,inference_info
C:/R_projects/mothz/beetle_image_stack\frame_0000.jpg,"[1080, 1920]",modelv1.0__2025-04-08 07:16:25
C:/R_projects/mothz/beetle_image_stack\frame_0001.jpg,"[1080, 1920]",modelv1.0__2025-04-08 07:16:25
C:/R_projects/mothz/beetle_image_stack\frame_0002.jpg,"[1080, 1920]",modelv1.0__2025-04-08 07:16:25
C:/R_projects/mothz/beetle_image_stack\frame_0003.jpg,"[1080, 1920]",modelv1.0__2025-04-08 07:16:25
C:/R_projects/mothz/beetle_image_stack\frame_0004.jpg,"[1080, 1920]",modelv1.0__2025-04-08 07:16:25
C:/R_projects/mothz/beetle_image_stack\frame_0005.jpg,"[1080, 1920]",modelv1.0__2025-04-08 07:16:25
C:/R_projects/mothz/beetle_image_stack\frame_0006.jpg,"[1080, 1920]",modelv1.0__2025-04-08 07:16:25
C:/R_projects/mothz/beetle_image_stack\frame_0007.jpg,"[1080, 1920]",modelv1.0__2025-04-08 07:16:25
C:/R_projects/mothz/beetle_image_stack\frame_0008.jpg,"[1080, 1920]",modelv1.0__2025-04-08 07:16:25
C:/R_projects/mothz/beetle_image_stack\frame_0009.jpg,"[1080, 1920]",modelv1.0__2025-04-08 07:16:25
C:/R_projects/mothz/beetle_image_stack\frame_0010.jpg,"[1080, 1920]",modelv1.0__2025-04-08 07:16:25
C:/R_projects/mothz/beetle_image_stack\frame_0011.jpg,"[1080, 1920]",modelv1.0__2025-04-08 07:16:25
C:/R_projects/mothz/beetle_image_stack\frame_0012.jpg,"[1080, 1920]",modelv1.0__2025-04-08 07:16:25
C:/R_projects/mothz/beetle_image_stack\frame_0013.jpg,"[1080, 1920]",modelv1.0__2025-04-08 07:16:25
C:/R_projects/mothz/beetle_image_stack\frame_0014.jpg,"[1080, 1920]",modelv1.0__2025-04-08 07:16:25
C:/R_projects/mothz/beetle_image_stack\frame_0015.jpg,"[1080, 1920]",modelv1.0__2025-04-08 07:16:25
C:/R_projects/mothz/beetle_image_stack\frame_0016.jpg,"[1080, 1920]",modelv1.0__2025-04-08 07:16:25
C:/R_projects/mothz/beetle_image_stack\frame_0017.jpg,"[1080, 1920]",modelv1.0__2025-04-08 07:16:25
C:/R_projects/mothz/beetle_image_stack\frame_0018.jpg,"[1080, 1920]",modelv1.0__2025-04-08 07:16:25
C:/R_projects/mothz/beetle_image_stack\frame_0019.jpg,"[1080, 1920]",modelv1.0__2025-04-08 07:16:25
C:/R_projects/mothz/beetle_image_stack\frame_0020.jpg,"[1080, 1920]",modelv1.0__2025-04-08 07:16:25
C:/R_projects/mothz/beetle_image_stack\frame_0021.jpg,"[1080, 1920]",modelv1.0__2025-04-08 07:16:25
C:/R_projects/mothz/beetle_image_stack\frame_0022.jpg,"[1080, 1920]",modelv1.0__2025-04-08 07:16:25
C:/R_projects/mothz/beetle_image_stack\frame_0023.jpg,"[1080, 1920]",modelv1.0__2025-04-08 07:16:25
C:/R_projects/mothz/beetle_image_stack\frame_0024.jpg,"[1080, 1920]",modelv1.0__2025-04-08 07:16:25
C:/R_projects/mothz/beetle_image_stack\frame_0025.jpg,"[1080, 1920]",modelv1.0__2025-04-08 07:16:25
C:/R_projects/mothz/beetle_image_stack\frame_0026.jpg,"[1080, 1920]",modelv1.0__2025-04-08 07:16:25
C:/R_projects/mothz/beetle_image_stack\frame_0027.jpg,"[1080, 1920]",modelv1.0__2025-04-08 07:16:25
C:/R_projects/mothz/beetle_image_stack\frame_0028.jpg,"[1080, 1920]",modelv1.0__2025-04-08 07:16:25
C:/R_projects/mothz/beetle_image_stack\frame_0029.jpg,"[1080, 1920]",modelv1.0__2025-04-08 07:16:25
C:/R_projects/mothz/beetle_image_stack\frame_0030.jpg,"[1080, 1920]",modelv1.0__2025-04-08 07:16:25
C:/R_projects/mothz/beetle_image_stack\frame_0031.jpg,"[1080, 1920]",modelv1.0__2025-04-08 07:16:25
C:/R_projects/mothz/beetle_image_stack\frame_0032.jpg,"[1080, 1920]",modelv1.0__2025-04-08 07:16:25
C:/R_projects/mothz/beetle_image_stack\frame_0033.jpg,"[1080, 1920]",modelv1.0__2025-04-08 07:16:25
C:/R_projects/mothz/beetle_image_stack\frame_0034.jpg,"[1080, 1920]",modelv1.0__2025-04-08 07:16:25
C:/R_projects/mothz/beetle_image_stack\frame_0035.jpg,"[1080, 1920]",modelv1.0__2025-04-08 07:16:25
C:/R_projects/mothz/beetle_image_stack\frame_0036.jpg,"[1080, 1920]",modelv1.0__2025-04-08 07:16:25
C:/R_projects/mothz/beetle_image_stack\frame_0037.jpg,"[1080, 1920]",modelv1.0__2025-04-08 07:16:25
C:/R_projects/mothz/beetle_image_stack\frame_0038.jpg,"[1080, 1920]",modelv1.0__2025-04-08 07:16:25
C:/R_projects/mothz/beetle_image_stack\frame_0039.jpg,"[1080, 1920]",modelv1.0__2025-04-08 07:16:25
C:/R_projects/mothz/beetle_image_stack\frame_0040.jpg,"[1080, 1920]",modelv1.0__2025-04-08 07:16:25
C:/R_projects/mothz/beetle_image_stack\frame_0041.jpg,"[1080, 1920]",modelv1.0__2025-04-08 07:16:25
C:/R_projects/mothz/beetle_image_stack\frame_0042.jpg,"[1080, 1920]",modelv1.0__2025-04-08 07:16:25
C:/R_projects/mothz/beetle_image_stack\frame_0043.jpg,"[1080, 1920]",modelv1.0__2025-04-08 07:16:25
C:/R_projects/mothz/beetle_image_stack\frame_0044.jpg,"[1080, 1920]",modelv1.0__2025-04-08 07:16:25
C:/R_projects/mothz/beetle_image_stack\frame_0045.jpg,"[1080, 1920]",modelv1.0__2025-04-08 07:16:25
C:/R_projects/mothz/beetle_image_stack\frame_0046.jpg,"[1080, 1920]",modelv1.0__2025-04-08 07:16:25
C:/R_projects/mothz/beetle_image_stack\frame_0047.jpg,"[1080, 1920]",modelv1.0__2025-04-08 07:16:25
C:/R_projects/mothz/beetle_image_stack\frame_0048.jpg,"[1080, 1920]",modelv1.0__2025-04-08 07:16:25
C:/R_projects/mothz/beetle_image_stack\frame_0049.jpg,"[1080, 1920]",modelv1.0__2025-04-08 07:16:25
C:/R_projects/mothz/beetle_image_stack\frame_0050.jpg,"[1080, 1920]",modelv1.0__2025-04-08 07:16:25
C:/R_projects/mothz/beetle_image_stack\frame_0051.jpg,"[1080, 1920]",modelv1.0__2025-04-08 07:16:25
C:/R_projects/mothz/beetle_image_stack\frame_0052.jpg,"[1080, 1920]",modelv1.0__2025-04-08 07:16:25
C:/R_projects/mothz/beetle_image_stack\frame_0053.jpg,"[1080, 1920]",modelv1.0__2025-04-08 07:16:25
C:/R_projects/mothz/beetle_image_stack\frame_0054.jpg,"[1080, 1920]",modelv1.0__2025-04-08 07:16:25
C:/R_projects/mothz/beetle_image_stack\frame_0055.jpg,"[1080, 1920]",modelv1.0__2025-04-08 07:16:25
C:/R_projects/mothz/beetle_image_stack\frame_0056.jpg,"[1080, 1920]",modelv1.0__2025-04-08 07:16:25
C:/R_projects/mothz/beetle_image_stack\frame_0057.jpg,"[1080, 1920]",modelv1.0__2025-04-08 07:16:25
C:/R_projects/mothz/beetle_image_stack\frame_0058.jpg,"[1080, 1920]",modelv1.0__2025-04-08 07:16:25
C:/R_projects/mothz/beetle_image_stack\frame_0059.jpg,"[1080, 1920]",modelv1.0__2025-04-08 07:16:25
C:/R_projects/mothz/beetle_image_stack\frame_0060.jpg,"[1080, 1920]",modelv1.0__2025-04-08 07:16:25
C:/R_projects/mothz/beetle_image_stack\frame_0061.jpg,"[1080, 1920]",modelv1.0__2025-04-08 07:16:25
C:/R_projects/mothz/beetle_image_stack\frame_0062.jpg,"[1080, 1920]",modelv1.0__2025-04-08 07:16:25
C:/R_projects/mothz/beetle_image_stack\frame_0063.jpg,"[1080, 1920]",modelv1.0__2025-04-08 07:16:25
C:/R_projects/mothz/beetle_image_stack\frame_0064.jpg,"[1080, 1920]",modelv1.0__2025-04-08 07:16:25
C:/R_projects/mothz/beetle_image_stack\frame_0065.jpg,"[1080, 1920]",modelv1.0__2025-04-08 07:16:25
C:/R_projects/mothz/beetle_image_stack\frame_0066.jpg,"[1080, 1920]",modelv1.0__2025-04-08 07:16:25
C:/R_projects/mothz/beetle_image_stack\frame_0067.jpg,"[1080, 1920]",modelv1.0__2025-04-08 07:16:25
C:/R_projects/mothz/beetle_image_stack\frame_0068.jpg,"[1080, 1920]",modelv1.0__2025-04-08 07:16:25
C:/R_projects/mothz/beetle_image_stack\frame_0069.jpg,"[1080, 1920]",modelv1.0__2025-04-08 07:16:25
C:/R_projects/mothz/beetle_image_stack\frame_0070.jpg,"[1080, 1920]",modelv1.0__2025-04-08 07:16:25
C:/R_projects/mothz/beetle_image_stack\frame_0071.jpg,"[1080, 1920]",modelv1.0__2025-04-08 07:16:25
C:/R_projects/mothz/beetle_image_stack\frame_0072.jpg,"[1080, 1920]",modelv1.0__2025-04-08 07:16:25
C:/R_projects/mothz/beetle_image_stack\frame_0073.jpg,"[1080, 1920]",modelv1.0__2025-04-08 07:16:25
C:/R_projects/mothz/beetle_image_stack\frame_0074.jpg,"[1080, 1920]",modelv1.0__2025-04-08 07:16:25
C:/R_projects/mothz/beetle_image_stack\frame_0075.jpg,"[1080, 1920]",modelv1.0__2025-04-08 07:16:25
C:/R_projects/mothz/beetle_image_stack\frame_0076.jpg,"[1080, 1920]",modelv1.0__2025-04-08 07:16:25
C:/R_projects/mothz/beetle_image_stack\frame_0077.jpg,"[1080, 1920]",modelv1.0__2025-04-08 07:16:25
C:/R_projects/mothz/beetle_image_stack\frame_0078.jpg,"[1080, 1920]",modelv1.0__2025-04-08 07:16:25
C:/R_projects/mothz/beetle_image_stack\frame_0079.jpg,"[1080, 1920]",modelv1.0__2025-04-08 07:16:25
C:/R_projects/mothz/beetle_image_stack\frame_0080.jpg,"[1080, 1920]",modelv1.0__2025-04-08 07:16:25
C:/R_projects/mothz/beetle_image_stack\frame_0081.jpg,"[1080, 1920]",modelv1.0__2025-04-08 07:16:25
C:/R_projects/mothz/beetle_image_stack\frame_0082.jpg,"[1080, 1920]",modelv1.0__2025-04-08 07:16:25
C:/R_projects/mothz/beetle_image_stack\frame_0083.jpg,"[1080, 1920]",modelv1.0__2025-04-08 07:16:25
C:/R_projects/mothz/beetle_image_stack\frame_0084.jpg,"[1080, 1920]",modelv1.0__2025-04-08 07:16:25
C:/R_projects/mothz/beetle_image_stack\frame_0085.jpg,"[1080, 1920]",modelv1.0__2025-04-08 07:16:25
C:/R_projects/mothz/beetle_image_stack\frame_0086.jpg,"[1080, 1920]",modelv1.0__2025-04-08 07:16:25
C:/R_projects/mothz/beetle_image_stack\frame_0087.jpg,"[1080, 1920]",modelv1.0__2025-04-08 07:16:25
C:/R_projects/mothz/beetle_image_stack\frame_0088.jpg,"[1080, 1920]",modelv1.0__2025-04-08 07:16:25
C:/R_projects/mothz/beetle_image_stack\frame_0089.jpg,"[1080, 1920]",modelv1.0__2025-04-08 07:16:25
C:/R_projects/mothz/beetle_image_stack\frame_0090.jpg,"[1080, 1920]",modelv1.0__2025-04-08 07:16:25
C:/R_projects/mothz/beetle_image_stack\frame_0091.jpg,"[1080, 1920]",modelv1.0__2025-04-08 07:16:25
C:/R_projects/mothz/beetle_image_stack\frame_0092.jpg,"[1080, 1920]",modelv1.0__2025-04-08 07:16:25
C:/R_projects/mothz/beetle_image_stack\frame_0093.jpg,"[1080, 1920]",modelv1.0__2025-04-08 07:16:25
C:/R_projects/mothz/beetle_image_stack\frame_0094.jpg,"[1080, 1920]",modelv1.0__2025-04-08 07:16:25
C:/R_projects/mothz/beetle_image_stack\frame_0095.jpg,"[1080, 1920]",modelv1.0__2025-04-08 07:16:25
C:/R_projects/mothz/beetle_image_stack\frame_0096.jpg,"[1080, 1920]",modelv1.0__2025-04-08 07:16:25
C:/R_projects/mothz/beetle_image_stack\frame_0097.jpg,"[1080, 1920]",modelv1.0__2025-04-08 07:16:25
C:/R_projects/mothz/beetle_image_stack\frame_0098.jpg,"[1080, 1920]",modelv1.0__2025-04-08 07:16:25
C:/R_projects/mothz/beetle_image_stack\frame_0099.jpg,"[1080, 1920]",modelv1.0__2025-04-08 07:16:25
C:/R_projects/mothz/beetle_image_stack\frame_0100.jpg,"[1080, 1920]",modelv1.0__2025-04-08 07:16:25
C:/R_projects/mothz/beetle_image_stack\frame_0101.jpg,"[1080, 1920]",modelv1.0__2025-04-08 07:16:25
C:/R_projects/mothz/beetle_image_stack\frame_0102.jpg,"[1080, 1920]",modelv1.0__2025-04-08 07:16:25
C:/R_projects/mothz/beetle_image_stack\frame_0103.jpg,"[1080, 1920]",modelv1.0__2025-04-08 07:16:25
C:/R_projects/mothz/beetle_image_stack\frame_0104.jpg,"[1080, 1920]",modelv1.0__2025-04-08 07:16:25
C:/R_projects/mothz/beetle_image_stack\frame_0105.jpg,"[1080, 1920]",modelv1.0__2025-04-08 07:16:25
C:/R_projects/mothz/beetle_image_stack\frame_0106.jpg,"[1080, 1920]",modelv1.0__2025-04-08 07:16:25
C:/R_projects/mothz/beetle_image_stack\frame_0107.jpg,"[1080, 1920]",modelv1.0__2025-04-08 07:16:25
C:/R_projects/mothz/beetle_image_stack\frame_0108.jpg,"[1080, 1920]",modelv1.0__2025-04-08 07:16:25
C:/R_projects/mothz/beetle_image_stack\frame_0109.jpg,"[1080, 1920]",modelv1.0__2025-04-08 07:16:25
C:/R_projects/mothz/beetle_image_stack\frame_0110.jpg,"[1080, 1920]",modelv1.0__2025-04-08 07:16:25
C:/R_projects/mothz/beetle_image_stack\frame_0111.jpg,"[1080, 1920]",modelv1.0__2025-04-08 07:16:25
C:/R_projects/mothz/beetle_image_stack\frame_0112.jpg,"[1080, 1920]",modelv1.0__2025-04-08 07:16:25
C:/R_projects/mothz/beetle_image_stack\frame_0113.jpg,"[1080, 1920]",modelv1.0__2025-04-08 07:16:25
C:/R_projects/mothz/beetle_image_stack\frame_0114.jpg,"[1080, 1920]",modelv1.0__2025-04-08 07:16:25
C:/R_projects/mothz/beetle_image_stack\frame_0115.jpg,"[1080, 1920]",modelv1.0__2025-04-08 07:16:25
C:/R_projects/mothz/beetle_image_stack\frame_0116.jpg,"[1080, 1920]",modelv1.0__2025-04-08 07:16:25
C:/R_projects/mothz/beetle_image_stack\frame_0117.jpg,"[1080, 1920]",modelv1.0__2025-04-08 07:16:25
C:/R_projects/mothz/beetle_image_stack\frame_0118.jpg,"[1080, 1920]",modelv1.0__2025-04-08 07:16:25
C:/R_projects/mothz/beetle_image_stack\frame_0119.jpg,"[1080, 1920]",modelv1.0__2025-04-08 07:16:25
C:/R_projects/mothz/beetle_image_stack\frame_0120.jpg,"[1080, 1920]",modelv1.0__2025-04-08 07:16:25
C:/R_projects/mothz/beetle_image_stack\frame_0121.jpg,"[1080, 1920]",modelv1.0__2025-04-08 07:16:25
C:/R_projects/mothz/beetle_image_stack\frame_0122.jpg,"[1080, 1920]",modelv1.0__2025-04-08 07:16:25
C:/R_projects/mothz/beetle_image_stack\frame_0123.jpg,"[1080, 1920]",modelv1.0__2025-04-08 07:16:25
C:/R_projects/mothz/beetle_image_stack\frame_0124.jpg,"[1080, 1920]",modelv1.0__2025-04-08 07:16:25
C:/R_projects/mothz/beetle_image_stack\frame_0125.jpg,"[1080, 1920]",modelv1.0__2025-04-08 07:16:25
C:/R_projects/mothz/beetle_image_stack\frame_0126.jpg,"[1080, 1920]",modelv1.0__2025-04-08 07:16:25
C:/R_projects/mothz/beetle_image_stack\frame_0127.jpg,"[1080, 1920]",modelv1.0__2025-04-08 07:16:25
C:/R_projects/mothz/beetle_image_stack\frame_0128.jpg,"[1080, 1920]",modelv1.0__2025-04-08 07:16:25
C:/R_projects/mothz/beetle_image_stack\frame_0129.jpg,"[1080, 1920]",modelv1.0__2025-04-08 07:16:25
C:/R_projects/mothz/beetle_image_stack\frame_0130.jpg,"[1080, 1920]",modelv1.0__2025-04-08 07:16:25
C:/R_projects/mothz/beetle_image_stack\frame_0131.jpg,"[1080, 1920]",modelv1.0__2025-04-08 07:16:25
C:/R_projects/mothz/beetle_image_stack\frame_0132.jpg,"[1080, 1920]",modelv1.0__2025-04-08 07:16:25
C:/R_projects/mothz/beetle_image_stack\frame_0133.jpg,"[1080, 1920]",modelv1.0__2025-04-08 07:16:25
C:/R_projects/mothz/beetle_image_stack\frame_0134.jpg,"[1080, 1920]",modelv1.0__2025-04-08 07:16:25
C:/R_projects/mothz/beetle_image_stack\frame_0135.jpg,"[1080, 1920]",modelv1.0__2025-04-08 07:16:25
C:/R_projects/mothz/beetle_image_stack\frame_0136.jpg,"[1080, 1920]",modelv1.0__2025-04-08 07:16:25
C:/R_projects/mothz/beetle_image_stack\frame_0137.jpg,"[1080, 1920]",modelv1.0__2025-04-08 07:16:25
C:/R_projects/mothz/beetle_image_stack\frame_0138.jpg,"[1080, 1920]",modelv1.0__2025-04-08 07:16:25
C:/R_projects/mothz/beetle_image_stack\frame_0139.jpg,"[1080, 1920]",modelv1.0__2025-04-08 07:16:25
C:/R_projects/mothz/beetle_image_stack\frame_0140.jpg,"[1080, 1920]",modelv1.0__2025-04-08 07:16:25
C:/R_projects/mothz/beetle_image_stack\frame_0141.jpg,"[1080, 1920]",modelv1.0__2025-04-08 07:16:25
C:/R_projects/mothz/beetle_image_stack\frame_0142.jpg,"[1080, 1920]",modelv1.0__2025-04-08 07:16:25
C:/R_projects/mothz/beetle_image_stack\frame_0143.jpg,"[1080, 1920]",modelv1.0__2025-04-08 07:16:25
C:/R_projects/mothz/beetle_image_stack\frame_0144.jpg,"[1080, 1920]",modelv1.0__2025-04-08 07:16:25
C:/R_projects/mothz/beetle_image_stack\frame_0145.jpg,"[1080, 1920]",modelv1.0__2025-04-08 07:16:25
C:/R_projects/mothz/beetle_image_stack\frame_0146.jpg,"[1080, 1920]",modelv1.0__2025-04-08 07:16:25
C:/R_projects/mothz/beetle_image_stack\frame_0147.jpg,"[1080, 1920]",modelv1.0__2025-04-08 07:16:25
C:/R_projects/mothz/beetle_image_stack\frame_0148.jpg,"[1080, 1920]",modelv1.0__2025-04-08 07:16:25
C:/R_projects/mothz/beetle_image_stack\frame_0149.jpg,"[1080, 1920]",modelv1.0__2025-04-08 07:16:25
C:/R_projects/mothz/beetle_image_stack\frame_0150.jpg,"[1080, 1920]",modelv1.0__2025-04-08 07:16:25
C:/R_projects/mothz/beetle_image_stack\frame_0151.jpg,"[1080, 1920]",modelv1.0__2025-04-08 07:16:25
C:/R_projects/mothz/beetle_image_stack\frame_0152.jpg,"[1080, 1920]",modelv1.0__2025-04-08 07:16:25
C:/R_projects/mothz/beetle_image_stack\frame_0153.jpg,"[1080, 1920]",modelv1.0__2025-04-08 07:16:25
C:/R_projects/mothz/beetle_image_stack\frame_0154.jpg,"[1080, 1920]",modelv1.0__2025-04-08 07:16:25
C:/R_projects/mothz/beetle_image_stack\frame_0155.jpg,"[1080, 1920]",modelv1.0__2025-04-08 07:16:25
C:/R_projects/mothz/beetle_image_stack\frame_0156.jpg,"[1080, 1920]",modelv1.0__2025-04-08 07:16:25
C:/R_projects/mothz/beetle_image_stack\frame_0157.jpg,"[1080, 1920]",modelv1.0__2025-04-08 07:16:25
C:/R_projects/mothz/beetle_image_stack\frame_0158.jpg,"[1080, 1920]",modelv1.0__2025-04-08 07:16:25
C:/R_projects/mothz/beetle_image_stack\frame_0159.jpg,"[1080, 1920]",modelv1.0__2025-04-08 07:16:25
C:/R_projects/mothz/beetle_image_stack\frame_0160.jpg,"[1080, 1920]",modelv1.0__2025-04-08 07:16:25
C:/R_projects/mothz/beetle_image_stack\frame_0161.jpg,"[1080, 1920]",modelv1.0__2025-04-08 07:16:25
C:/R_projects/mothz/beetle_image_stack\frame_0162.jpg,"[1080, 1920]",modelv1.0__2025-04-08 07:16:25
C:/R_projects/mothz/beetle_image_stack\frame_0163.jpg,"[1080, 1920]",modelv1.0__2025-04-08 07:16:25
C:/R_projects/mothz/beetle_image_stack\frame_0164.jpg,"[1080, 1920]",modelv1.0__2025-04-08 07:16:25
C:/R_projects/mothz/beetle_image_stack\frame_0165.jpg,"[1080, 1920]",modelv1.0__2025-04-08 07:16:25
C:/R_projects/mothz/beetle_image_stack\frame_0166.jpg,"[1080, 1920]",modelv1.0__2025-04-08 07:16:25
C:/R_projects/mothz/beetle_image_stack\frame_0167.jpg,"[1080, 1920]",modelv1.0__2025-04-08 07:16:25
C:/R_projects/mothz/beetle_image_stack\frame_0168.jpg,"[1080, 1920]",modelv1.0__2025-04-08 07:16:25
C:/R_projects/mothz/beetle_image_stack\frame_0169.jpg,"[1080, 1920]",modelv1.0__2025-04-08 07:16:25
C:/R_projects/mothz/beetle_image_stack\frame_0170.jpg,"[1080, 1920]",modelv1.0__2025-04-08 07:16:25
C:/R_projects/mothz/beetle_image_stack\frame_0171.jpg,"[1080, 1920]",modelv1.0__2025-04-08 07:16:25
C:/R_projects/mothz/beetle_image_stack\frame_0172.jpg,"[1080, 1920]",modelv1.0__2025-04-08 07:16:25
C:/R_projects/mothz/beetle_image_stack\frame_0173.jpg,"[1080, 1920]",modelv1.0__2025-04-08 07:16:25
C:/R_projects/mothz/beetle_image_stack\frame_0174.jpg,"[1080, 1920]",modelv1.0__2025-04-08 07:16:25
C:/R_projects/mothz/beetle_image_stack\frame_0175.jpg,"[1080, 1920]",modelv1.0__2025-04-08 07:16:25
C:/R_projects/mothz/beetle_image_stack\frame_0176.jpg,"[1080, 1920]",modelv1.0__2025-04-08 07:16:25
C:/R_projects/mothz/beetle_image_stack\frame_0177.jpg,"[1080, 1920]",modelv1.0__2025-04-08 07:16:25
C:/R_projects/mothz/beetle_image_stack\frame_0178.jpg,"[1080, 1920]",modelv1.0__2025-04-08 07:16:25
C:/R_projects/mothz/beetle_image_stack\frame_0179.jpg,"[1080, 1920]",modelv1.0__2025-04-08 07:16:25
C:/R_projects/mothz/beetle_image_stack\frame_0180.jpg,"[1080, 1920]",modelv1.0__2025-04-08 07:16:25
C:/R_projects/mothz/beetle_image_stack\frame_0181.jpg,"[1080, 1920]",modelv1.0__2025-04-08 07:16:25
C:/R_projects/mothz/beetle_image_stack\frame_0182.jpg,"[1080, 1920]",modelv1.0__2025-04-08 07:16:25
C:/R_projects/mothz/beetle_image_stack\frame_0183.jpg,"[1080, 1920]",modelv1.0__2025-04-08 07:16:25
C:/R_projects/mothz/beetle_image_stack\frame_0184.jpg,"[1080, 1920]",modelv1.0__2025-04-08 07:16:25
C:/R_projects/mothz/beetle_image_stack\frame_0185.jpg,"[1080, 1920]",modelv1.0__2025-04-08 07:16:25
C:/R_projects/mothz/beetle_image_stack\frame_0186.jpg,"[1080, 1920]",modelv1.0__2025-04-08 07:16:25
C:/R_projects/mothz/beetle_image_stack\frame_0187.jpg,"[1080, 1920]",modelv1.0__2025-04-08 07:16:25
C:/R_projects/mothz/beetle_image_stack\frame_0188.jpg,"[1080, 1920]",modelv1.0__2025-04-08 07:16:25
C:/R_projects/mothz/beetle_image_stack\frame_0189.jpg,"[1080, 1920]",modelv1.0__2025-04-08 07:16:25
C:/R_projects/mothz/beetle_image_stack\frame_0190.jpg,"[1080, 1920]",modelv1.0__2025-04-08 07:16:25
C:/R_projects/mothz/beetle_image_stack\frame_0191.jpg,"[1080, 1920]",modelv1.0__2025-04-08 07:16:25
C:/R_projects/mothz/beetle_image_stack\frame_0192.jpg,"[1080, 1920]",modelv1.0__2025-04-08 07:16:25
C:/R_projects/mothz/beetle_image_stack\frame_0193.jpg,"[1080, 1920]",modelv1.0__2025-04-08 07:16:25
C:/R_projects/mothz/beetle_image_stack\frame_0194.jpg,"[1080, 1920]",modelv1.0__2025-04-08 07:16:25
C:/R_projects/mothz/beetle_image_stack\frame_0195.jpg,"[1080, 1920]",modelv1.0__2025-04-08 07:16:25
C:/R_projects/mothz/beetle_image_stack\frame_0196.jpg,"[1080, 1920]",modelv1.0__2025-04-08 07:16:25
C:/R_projects/mothz/beetle_image_stack\frame_0197.jpg,"[1080, 1920]",modelv1.0__2025-04-08 07:16:25
C:/R_projects/mothz/beetle_image_stack\frame_0198.jpg,"[1080, 1920]",modelv1.0__2025-04-08 07:16:25
C:/R_projects/mothz/beetle_image_stack\frame_0199.jpg,"[1080, 1920]",modelv1.0__2025-04-08 07:16:25
C:/R_projects/mothz/beetle_image_stack\frame_0200.jpg,"[1080, 1920]",modelv1.0__2025-04-08 07:16:25
C:/R_projects/mothz/beetle_image_stack\frame_0201.jpg,"[1080, 1920]",modelv1.0__2025-04-08 07:16:25
C:/R_projects/mothz/beetle_image_stack\frame_0202.jpg,"[1080, 1920]",modelv1.0__2025-04-08 07:16:25
C:/R_projects/mothz/beetle_image_stack\frame_0203.jpg,"[1080, 1920]",modelv1.0__2025-04-08 07:16:25
C:/R_projects/mothz/beetle_image_stack\frame_0204.jpg,"[1080, 1920]",modelv1.0__2025-04-08 07:16:25
C:/R_projects/mothz/beetle_image_stack\frame_0205.jpg,"[1080, 1920]",modelv1.0__2025-04-08 07:16:25
C:/R_projects/mothz/beetle_image_stack\frame_0206.jpg,"[1080, 1920]",modelv1.0__2025-04-08 07:16:25
C:/R_projects/mothz/beetle_image_stack\frame_0207.jpg,"[1080, 1920]",modelv1.0__2025-04-08 07:16:25
C:/R_projects/mothz/beetle_image_stack\frame_0208.jpg,"[1080, 1920]",modelv1.0__2025-04-08 07:16:25
C:/R_projects/mothz/beetle_image_stack\frame_0209.jpg,"[1080, 1920]",modelv1.0__2025-04-08 07:16:25
C:/R_projects/mothz/beetle_image_stack\frame_0210.jpg,"[1080, 1920]",modelv1.0__2025-04-08 07:16:25
C:/R_projects/mothz/beetle_image_stack\frame_0211.jpg,"[1080, 1920]",modelv1.0__2025-04-08 07:16:25
C:/R_projects/mothz/beetle_image_stack\frame_0212.jpg,"[1080, 1920]",modelv1.0__2025-04-08 07:16:25
C:/R_projects/mothz/beetle_image_stack\frame_0213.jpg,"[1080, 1920]",modelv1.0__2025-04-08 07:16:25
C:/R_projects/mothz/beetle_image_stack\frame_0214.jpg,"[1080, 1920]",modelv1.0__2025-04-08 07:16:25
C:/R_projects/mothz/beetle_image_stack\frame_0215.jpg,"[1080, 1920]",modelv1.0__2025-04-08 07:16:25
C:/R_projects/mothz/beetle_image_stack\frame_0216.jpg,"[1080, 1920]",modelv1.0__2025-04-08 07:16:25
C:/R_projects/mothz/beetle_image_stack\frame_0217.jpg,"[1080, 1920]",modelv1.0__2025-04-08 07:16:25
C:/R_projects/mothz/beetle_image_stack\frame_0218.jpg,"[1080, 1920]",modelv1.0__2025-04-08 07:16:25
C:/R_projects/mothz/beetle_image_stack\frame_0219.jpg,"[1080, 1920]",modelv1.0__2025-04-08 07:16:25
C:/R_projects/mothz/beetle_image_stack\frame_0220.jpg,"[1080, 1920]",modelv1.0__2025-04-08 07:16:25
C:/R_projects/mothz/beetle_image_stack\frame_0221.jpg,"[1080, 1920]",modelv1.0__2025-04-08 07:16:25
C:/R_projects/mothz/beetle_image_stack\frame_0222.jpg,"[1080, 1920]",modelv1.0__2025-04-08 07:16:25
C:/R_projects/mothz/beetle_image_stack\frame_0223.jpg,"[1080, 1920]",modelv1.0__2025-04-08 07:16:25
C:/R_projects/mothz/beetle_image_stack\frame_0224.jpg,"[1080, 1920]",modelv1.0__2025-04-08 07:16:25
C:/R_projects/mothz/beetle_image_stack\frame_0225.jpg,"[1080, 1920]",modelv1.0__2025-04-08 07:16:25
C:/R_projects/mothz/beetle_image_stack\frame_0226.jpg,"[1080, 1920]",modelv1.0__2025-04-08 07:16:25
C:/R_projects/mothz/beetle_image_stack\frame_0227.jpg,"[1080, 1920]",modelv1.0__2025-04-08 07:16:25
C:/R_projects/mothz/beetle_image_stack\frame_0228.jpg,"[1080, 1920]",modelv1.0__2025-04-08 07:16:25
C:/R_projects/mothz/beetle_image_stack\frame_0229.jpg,"[1080, 1920]",modelv1.0__2025-04-08 07:16:25
C:/R_projects/mothz/beetle_image_stack\frame_0230.jpg,"[1080, 1920]",modelv1.0__2025-04-08 07:16:25
C:/R_projects/mothz/beetle_image_stack\frame_0231.jpg,"[1080, 1920]",modelv1.0__2025-04-08 07:16:25
C:/R_projects/mothz/beetle_image_stack\frame_0232.jpg,"[1080, 1920]",modelv1.0__2025-04-08 07:16:25
C:/R_projects/mothz/beetle_image_stack\frame_0233.jpg,"[1080, 1920]",modelv1.0__2025-04-08 07:16:25
C:/R_projects/mothz/beetle_image_stack\frame_0234.jpg,"[1080, 1920]",modelv1.0__2025-04-08 07:16:25
C:/R_projects/mothz/beetle_image_stack\frame_0235.jpg,"[1080, 1920]",modelv1.0__2025-04-08 07:16:25
C:/R_projects/mothz/beetle_image_stack\frame_0236.jpg,"[1080, 1920]",modelv1.0__2025-04-08 07:16:25
C:/R_projects/mothz/beetle_image_stack\frame_0237.jpg,"[1080, 1920]",modelv1.0__2025-04-08 07:16:25
C:/R_projects/mothz/beetle_image_stack\frame_0238.jpg,"[1080, 1920]",modelv1.0__2025-04-08 07:16:25
C:/R_projects/mothz/beetle_image_stack\frame_0239.jpg,"[1080, 1920]",modelv1.0__2025-04-08 07:16:25
C:/R_projects/mothz/beetle_image_stack\frame_0240.jpg,"[1080, 1920]",modelv1.0__2025-04-08 07:16:25
C:/R_projects/mothz/beetle_image_stack\frame_0241.jpg,"[1080, 1920]",modelv1.0__2025-04-08 07:16:25
C:/R_projects/mothz/beetle_image_stack\frame_0242.jpg,"[1080, 1920]",modelv1.0__2025-04-08 07:16:25
C:/R_projects/mothz/beetle_image_stack\frame_0243.jpg,"[1080, 1920]",modelv1.0__2025-04-08 07:16:25
C:/R_projects/mothz/beetle_image_stack\frame_0244.jpg,"[1080, 1920]",modelv1.0__2025-04-08 07:16:25
C:/R_projects/mothz/beetle_image_stack\frame_0245.jpg,"[1080, 1920]",modelv1.0__2025-04-08 07:16:25
C:/R_projects/mothz/beetle_image_stack\frame_0246.jpg,"[1080, 1920]",modelv1.0__2025-04-08 07:16:25
C:/R_projects/mothz/beetle_image_stack\frame_0247.jpg,"[1080, 1920]",modelv1.0__2025-04-08 07:16:25
C:/R_projects/mothz/beetle_image_stack\frame_0248.jpg,"[1080, 1920]",modelv1.0__2025-04-08 07:16:25
C:/R_projects/mothz/beetle_image_stack\frame_0249.jpg,"[1080, 1920]",modelv1.0__2025-04-08 07:16:25
C:/R_projects/mothz/beetle_image_stack\frame_0250.jpg,"[1080, 1920]",modelv1.0__2025-04-08 07:16:25
C:/R_projects/mothz/beetle_image_stack\frame_0251.jpg,"[1080, 1920]",modelv1.0__2025-04-08 07:16:25
C:/R_projects/mothz/beetle_image_stack\frame_0252.jpg,"[1080, 1920]",modelv1.0__2025-04-08 07:16:25
C:/R_projects/mothz/beetle_image_stack\frame_0253.jpg,"[1080, 1920]",modelv1.0__2025-04-08 07:16:25
C:/R_projects/mothz/beetle_image_stack\frame_0254.jpg,"[1080, 1920]",modelv1.0__2025-04-08 07:16:25
C:/R_projects/mothz/beetle_image_stack\frame_0255.jpg,"[1080, 1920]",modelv1.0__2025-04-08 07:16:25
C:/R_projects/mothz/beetle_image_stack\frame_0256.jpg,"[1080, 1920]",modelv1.0__2025-04-08 07:16:25
C:/R_projects/mothz/beetle_image_stack\frame_0257.jpg,"[1080, 1920]",modelv1.0__2025-04-08 07:16:25
C:/R_projects/mothz/beetle_image_stack\frame_0258.jpg,"[1080, 1920]",modelv1.0__2025-04-08 07:16:25
C:/R_projects/mothz/beetle_image_stack\frame_0259.jpg,"[1080, 1920]",modelv1.0__2025-04-08 07:16:25
C:/R_projects/mothz/beetle_image_stack\frame_0260.jpg,"[1080, 1920]",modelv1.0__2025-04-08 07:16:25
C:/R_projects/mothz/beetle_image_stack\frame_0261.jpg,"[1080, 1920]",modelv1.0__2025-04-08 07:16:25
C:/R_projects/mothz/beetle_image_stack\frame_0262.jpg,"[1080, 1920]",modelv1.0__2025-04-08 07:16:25
C:/R_projects/mothz/beetle_image_stack\frame_0263.jpg,"[1080, 1920]",modelv1.0__2025-04-08 07:16:25
C:/R_projects/mothz/beetle_image_stack\frame_0264.jpg,"[1080, 1920]",modelv1.0__2025-04-08 07:16:25
C:/R_projects/mothz/beetle_image_stack\frame_0265.jpg,"[1080, 1920]",modelv1.0__2025-04-08 07:16:25
C:/R_projects/mothz/beetle_image_stack\frame_0266.jpg,"[1080, 1920]",modelv1.0__2025-04-08 07:16:25
C:/R_projects/mothz/beetle_image_stack\frame_0267.jpg,"[1080, 1920]",modelv1.0__2025-04-08 07:16:25
C:/R_projects/mothz/beetle_image_stack\frame_0268.jpg,"[1080, 1920]",modelv1.0__2025-04-08 07:16:25
C:/R_projects/mothz/beetle_image_stack\frame_0269.jpg,"[1080, 1920]",modelv1.0__2025-04-08 07:16:25
C:/R_projects/mothz/beetle_image_stack\frame_0270.jpg,"[1080, 1920]",modelv1.0__2025-04-08 07:16:25
C:/R_projects/mothz/beetle_image_stack\frame_0271.jpg,"[1080, 1920]",modelv1.0__2025-04-08 07:16:25
C:/R_projects/mothz/beetle_image_stack\frame_0272.jpg,"[1080, 1920]",modelv1.0__2025-04-08 07:16:25
C:/R_projects/mothz/beetle_image_stack\frame_0273.jpg,"[1080, 1920]",modelv1.0__2025-04-08 07:16:25
C:/R_projects/mothz/beetle_image_stack\frame_0274.jpg,"[1080, 1920]",modelv1.0__2025-04-08 07:16:25
C:/R_projects/mothz/beetle_image_stack\frame_0275.jpg,"[1080, 1920]",modelv1.0__2025-04-08 07:16:25
C:/R_projects/mothz/beetle_image_stack\frame_0276.jpg,"[1080, 1920]",modelv1.0__2025-04-08 07:16:25
C:/R_projects/mothz/beetle_image_stack\frame_0277.jpg,"[1080, 1920]",modelv1.0__2025-04-08 07:16:25
C:/R_projects/mothz/beetle_image_stack\frame_0278.jpg,"[1080, 1920]",modelv1.0__2025-04-08 07:16:25
C:/R_projects/mothz/beetle_image_stack\frame_0279.jpg,"[1080, 1920]",modelv1.0__2025-04-08 07:16:25
C:/R_projects/mothz/beetle_image_stack\frame_0280.jpg,"[1080, 1920]",modelv1.0__2025-04-08 07:16:25
C:/R_projects/mothz/beetle_image_stack\frame_0281.jpg,"[1080, 1920]",modelv1.0__2025-04-08 07:16:25
C:/R_projects/mothz/beetle_image_stack\frame_0282.jpg,"[1080, 1920]",modelv1.0__2025-04-08 07:16:25
C:/R_projects/mothz/beetle_image_stack\frame_0283.jpg,"[1080, 1920]",modelv1.0__2025-04-08 07:16:25
C:/R_projects/mothz/beetle_image_stack\frame_0284.jpg,"[1080, 1920]",modelv1.0__2025-04-08 07:16:25
C:/R_projects/mothz/beetle_image_stack\frame_0285.jpg,"[1080, 1920]",modelv1.0__2025-04-08 07:16:25
C:/R_projects/mothz/beetle_image_stack\frame_0286.jpg,"[1080, 1920]",modelv1.0__2025-04-08 07:16:25
C:/R_projects/mothz/beetle_image_stack\frame_0287.jpg,"[1080, 1920]",modelv1.0__2025-04-08 07:16:25
C:/R_projects/mothz/beetle_image_stack\frame_0288.jpg,"[1080, 1920]",modelv1.0__2025-04-08 07:16:25
C:/R_projects/mothz/beetle_image_stack\frame_0289.jpg,"[1080, 1920]",modelv1.0__2025-04-08 07:16:25
C:/R_projects/mothz/beetle_image_stack\frame_0290.jpg,"[1080, 1920]",modelv1.0__2025-04-08 07:16:25
C:/R_projects/mothz/beetle_image_stack\frame_0291.jpg,"[1080, 1920]",modelv1.0__2025-04-08 07:16:25
C:/R_projects/mothz/beetle_image_stack\frame_0292.jpg,"[1080, 1920]",modelv1.0__2025-04-08 07:16:25
C:/R_projects/mothz/beetle_image_stack\frame_0293.jpg,"[1080, 1920]",modelv1.0__2025-04-08 07:16:25
C:/R_projects/mothz/beetle_image_stack\frame_0294.jpg,"[1080, 1920]",modelv1.0__2025-04-08 07:16:25
C:/R_projects/mothz/beetle_image_stack\frame_0295.jpg,"[1080, 1920]",modelv1.0__2025-04-08 07:16:25
C:/R_projects/mothz/beetle_image_stack\frame_0296.jpg,"[1080, 1920]",modelv1.0__2025-04-08 07:16:25
C:/R_projects/mothz/beetle_image_stack\frame_0297.jpg,"[1080, 1920]",modelv1.0__2025-04-08 07:16:25
C:/R_projects/mothz/beetle_image_stack\frame_0298.jpg,"[1080, 1920]",modelv1.0__2025-04-08 07:16:25
C:/R_projects/mothz/beetle_image_stack\frame_0299.jpg,"[1080, 1920]",modelv1.0__2025-04-08 07:16:25
C:/R_projects/mothz/beetle_image_stack\frame_0300.jpg,"[1080, 1920]",modelv1.0__2025-04-08 07:16:25
C:/R_projects/mothz/beetle_image_stack\frame_0301.jpg,"[1080, 1920]",modelv1.0__2025-04-08 07:16:25
C:/R_projects/mothz/beetle_image_stack\frame_0302.jpg,"[1080, 1920]",modelv1.0__2025-04-08 07:16:25
C:/R_projects/mothz/beetle_image_stack\frame_0303.jpg,"[1080, 1920]",modelv1.0__2025-04-08 07:16:25
C:/R_projects/mothz/beetle_image_stack\frame_0304.jpg,"[1080, 1920]",modelv1.0__2025-04-08 07:16:25
C:/R_projects/mothz/beetle_image_stack\frame_0305.jpg,"[1080, 1920]",modelv1.0__2025-04-08 07:16:25
C:/R_projects/mothz/beetle_image_stack\frame_0306.jpg,"[1080, 1920]",modelv1.0__2025-04-08 07:16:25
C:/R_projects/mothz/beetle_image_stack\frame_0307.jpg,"[1080, 1920]",modelv1.0__2025-04-08 07:16:25
C:/R_projects/mothz/beetle_image_stack\frame_0308.jpg,"[1080, 1920]",modelv1.0__2025-04-08 07:16:25
C:/R_projects/mothz/beetle_image_stack\frame_0309.jpg,"[1080, 1920]",modelv1.0__2025-04-08 07:16:25
C:/R_projects/mothz/beetle_image_stack\frame_0310.jpg,"[1080, 1920]",modelv1.0__2025-04-08 07:16:25
C:/R_projects/mothz/beetle_image_stack\frame_0311.jpg,"[1080, 1920]",modelv1.0__2025-04-08 07:16:25
C:/R_projects/mothz/beetle_image_stack\frame_0312.jpg,"[1080, 1920]",modelv1.0__2025-04-08 07:16:25
C:/R_projects/mothz/beetle_image_stack\frame_0313.jpg,"[1080, 1920]",modelv1.0__2025-04-08 07:16:25
C:/R_projects/mothz/beetle_image_stack\frame_0314.jpg,"[1080, 1920]",modelv1.0__2025-04-08 07:16:25
C:/R_projects/mothz/beetle_image_stack\frame_0315.jpg,"[1080, 1920]",modelv1.0__2025-04-08 07:16:25
C:/R_projects/mothz/beetle_image_stack\frame_0316.jpg,"[1080, 1920]",modelv1.0__2025-04-08 07:16:25
C:/R_projects/mothz/beetle_image_stack\frame_0317.jpg,"[1080, 1920]",modelv1.0__2025-04-08 07:16:25
C:/R_projects/mothz/beetle_image_stack\frame_0318.jpg,"[1080, 1920]",modelv1.0__2025-04-08 07:16:25
C:/R_projects/mothz/beetle_image_stack\frame_0319.jpg,"[1080, 1920]",modelv1.0__2025-04-08 07:16:25
C:/R_projects/mothz/beetle_image_stack\frame_0320.jpg,"[1080, 1920]",modelv1.0__2025-04-08 07:16:25
C:/R_projects/mothz/beetle_image_stack\frame_0321.jpg,"[1080, 1920]",modelv1.0__2025-04-08 07:16:25
C:/R_projects/mothz/beetle_image_stack\frame_0322.jpg,"[1080, 1920]",modelv1.0__2025-04-08 07:16:25
C:/R_projects/mothz/beetle_image_stack\frame_0323.jpg,"[1080, 1920]",modelv1.0__2025-04-08 07:16:25
C:/R_projects/mothz/beetle_image_stack\frame_0324.jpg,"[1080, 1920]",modelv1.0__2025-04-08 07:16:25
C:/R_projects/mothz/beetle_image_stack\frame_0325.jpg,"[1080, 1920]",modelv1.0__2025-04-08 07:16:25
C:/R_projects/mothz/beetle_image_stack\frame_0326.jpg,"[1080, 1920]",modelv1.0__2025-04-08 07:16:25
C:/R_projects/mothz/beetle_image_stack\frame_0327.jpg,"[1080, 1920]",modelv1.0__2025-04-08 07:16:25
C:/R_projects/mothz/beetle_image_stack\frame_0328.jpg,"[1080, 1920]",modelv1.0__2025-04-08 07:16:25
C:/R_projects/mothz/beetle_image_stack\frame_0329.jpg,"[1080, 1920]",modelv1.0__2025-04-08 07:16:25
C:/R_projects/mothz/beetle_image_stack\frame_0330.jpg,"[1080, 1920]",modelv1.0__2025-04-08 07:16:25
C:/R_projects/mothz/beetle_image_stack\frame_0331.jpg,"[1080, 1920]",modelv1.0__2025-04-08 07:16:25
C:/R_projects/mothz/beetle_image_stack\frame_0332.jpg,"[1080, 1920]",modelv1.0__2025-04-08 07:16:25
C:/R_projects/mothz/beetle_image_stack\frame_0333.jpg,"[1080, 1920]",modelv1.0__2025-04-08 07:16:25
C:/R_projects/mothz/beetle_image_stack\frame_0334.jpg,"[1080, 1920]",modelv1.0__2025-04-08 07:16:25
C:/R_projects/mothz/beetle_image_stack\frame_0335.jpg,"[1080, 1920]",modelv1.0__2025-04-08 07:16:25
C:/R_projects/mothz/beetle_image_stack\frame_0336.jpg,"[1080, 1920]",modelv1.0__2025-04-08 07:16:25
C:/R_projects/mothz/beetle_image_stack\frame_0337.jpg,"[1080, 1920]",modelv1.0__2025-04-08 07:16:25
C:/R_projects/mothz/beetle_image_stack\frame_0338.jpg,"[1080, 1920]",modelv1.0__2025-04-08 07:16:25
C:/R_projects/mothz/beetle_image_stack\frame_0339.jpg,"[1080, 1920]",modelv1.0__2025-04-08 07:16:25
C:/R_projects/mothz/beetle_image_stack\frame_0340.jpg,"[1080, 1920]",modelv1.0__2025-04-08 07:16:25
C:/R_projects/mothz/beetle_image_stack\frame_0341.jpg,"[1080, 1920]",modelv1.0__2025-04-08 07:16:25
C:/R_projects/mothz/beetle_image_stack\frame_0342.jpg,"[1080, 1920]",modelv1.0__2025-04-08 07:16:25
C:/R_projects/mothz/beetle_image_stack\frame_0343.jpg,"[1080, 1920]",modelv1.0__2025-04-08 07:16:25
C:/R_projects/mothz/beetle_image_stack\frame_0344.jpg,"[1080, 1920]",modelv1.0__2025-04-08 07:16:25
C:/R_projects/mothz/beetle_image_stack\frame_0345.jpg,"[1080, 1920]",modelv1.0__2025-04-08 07:16:25
C:/R_projects/mothz/beetle_image_stack\frame_0346.jpg,"[1080, 1920]",modelv1.0__2025-04-08 07:16:25
C:/R_projects/mothz/beetle_image_stack\frame_0347.jpg,"[1080, 1920]",modelv1.0__2025-04-08 07:16:25
C:/R_projects/mothz/beetle_image_stack\frame_0348.jpg,"[1080, 1920]",modelv1.0__2025-04-08 07:16:25
C:/R_projects/mothz/beetle_image_stack\frame_0349.jpg,"[1080, 1920]",modelv1.0__2025-04-08 07:16:25
C:/R_projects/mothz/beetle_image_stack\frame_0350.jpg,"[1080, 1920]",modelv1.0__2025-04-08 07:16:25
C:/R_projects/mothz/beetle_image_stack\frame_0351.jpg,"[1080, 1920]",modelv1.0__2025-04-08 07:16:25
C:/R_projects/mothz/beetle_image_stack\frame_0352.jpg,"[1080, 1920]",modelv1.0__2025-04-08 07:16:25
C:/R_projects/mothz/beetle_image_stack\frame_0353.jpg,"[1080, 1920]",modelv1.0__2025-04-08 07:16:25
C:/R_projects/mothz/beetle_image_stack\frame_0354.jpg,"[1080, 1920]",modelv1.0__2025-04-08 07:16:25
C:/R_projects/mothz/beetle_image_stack\frame_0355.jpg,"[1080, 1920]",modelv1.0__2025-04-08 07:16:25
C:/R_projects/mothz/beetle_image_stack\frame_0356.jpg,"[1080, 1920]",modelv1.0__2025-04-08 07:16:25
C:/R_projects/mothz/beetle_image_stack\frame_0357.jpg,"[1080, 1920]",modelv1.0__2025-04-08 07:16:25
C:/R_projects/mothz/beetle_image_stack\frame_0358.jpg,"[1080, 1920]",modelv1.0__2025-04-08 07:16:25
C:/R_projects/mothz/beetle_image_stack\frame_0359.jpg,"[1080, 1920]",modelv1.0__2025-04-08 07:16:25
C:/R_projects/mothz/beetle_image_stack\frame_0360.jpg,"[1080, 1920]",modelv1.0__2025-04-08 07:16:25
C:/R_projects/mothz/beetle_image_stack\frame_0361.jpg,"[1080, 1920]",modelv1.0__2025-04-08 07:16:25
C:/R_projects/mothz/beetle_image_stack\frame_0362.jpg,"[1080, 1920]",modelv1.0__2025-04-08 07:16:25
C:/R_projects/mothz/beetle_image_stack\frame_0363.jpg,"[1080, 1920]",modelv1.0__2025-04-08 07:16:25
C:/R_projects/mothz/beetle_image_stack\frame_0364.jpg,"[1080, 1920]",modelv1.0__2025-04-08 07:16:25
C:/R_projects/mothz/beetle_image_stack\frame_0365.jpg,"[1080, 1920]",modelv1.0__2025-04-08 07:16:25
C:/R_projects/mothz/beetle_image_stack\frame_0366.jpg,"[1080, 1920]",modelv1.0__2025-04-08 07:16:25
C:/R_projects/mothz/beetle_image_stack\frame_0367.jpg,"[1080, 1920]",modelv1.0__2025-04-08 07:16:25
C:/R_projects/mothz/beetle_image_stack\frame_0368.jpg,"[1080, 1920]",modelv1.0__2025-04-08 07:16:25
C:/R_projects/mothz/beetle_image_stack\frame_0369.jpg,"[1080, 1920]",modelv1.0__2025-04-08 07:16:25
C:/R_projects/mothz/beetle_image_stack\frame_0370.jpg,"[1080, 1920]",modelv1.0__2025-04-08 07:16:25
C:/R_projects/mothz/beetle_image_stack\frame_0371.jpg,"[1080, 1920]",modelv1.0__2025-04-08 07:16:25
C:/R_projects/mothz/beetle_image_stack\frame_0372.jpg,"[1080, 1920]",modelv1.0__2025-04-08 07:16:25
C:/R_projects/mothz/beetle_image_stack\frame_0373.jpg,"[1080, 1920]",modelv1.0__2025-04-08 07:16:25
C:/R_projects/mothz/beetle_image_stack\frame_0374.jpg,"[1080, 1920]",modelv1.0__2025-04-08 07:16:25
C:/R_projects/mothz/beetle_image_stack\frame_0375.jpg,"[1080, 1920]",modelv1.0__2025-04-08 07:16:25
C:/R_projects/mothz/beetle_image_stack\frame_0376.jpg,"[1080, 1920]",modelv1.0__2025-04-08 07:16:25
C:/R_projects/mothz/beetle_image_stack\frame_0377.jpg,"[1080, 1920]",modelv1.0__2025-04-08 07:16:25
C:/R_projects/mothz/beetle_image_stack\frame_0378.jpg,"[1080, 1920]",modelv1.0__2025-04-08 07:16:25
C:/R_projects/mothz/beetle_image_stack\frame_0379.jpg,"[1080, 1920]",modelv1.0__2025-04-08 07:16:25
C:/R_projects/mothz/beetle_image_stack\frame_0380.jpg,"[1080, 1920]",modelv1.0__2025-04-08 07:16:25
C:/R_projects/mothz/beetle_image_stack\frame_0381.jpg,"[1080, 1920]",modelv1.0__2025-04-08 07:16:25
C:/R_projects/mothz/beetle_image_stack\frame_0382.jpg,"[1080, 1920]",modelv1.0__2025-04-08 07:16:25
C:/R_projects/mothz/beetle_image_stack\frame_0383.jpg,"[1080, 1920]",modelv1.0__2025-04-08 07:16:25
C:/R_projects/mothz/beetle_image_stack\frame_0384.jpg,"[1080, 1920]",modelv1.0__2025-04-08 07:16:25
C:/R_projects/mothz/beetle_image_stack\frame_0385.jpg,"[1080, 1920]",modelv1.0__2025-04-08 07:16:25
C:/R_projects/mothz/beetle_image_stack\frame_0386.jpg,"[1080, 1920]",modelv1.0__2025-04-08 07:16:25
C:/R_projects/mothz/beetle_image_stack\frame_0387.jpg,"[1080, 1920]",modelv1.0__2025-04-08 07:16:25
C:/R_projects/mothz/beetle_image_stack\frame_0388.jpg,"[1080, 1920]",modelv1.0__2025-04-08 07:16:25
C:/R_projects/mothz/beetle_image_stack\frame_0389.jpg,"[1080, 1920]",modelv1.0__2025-04-08 07:16:25
C:/R_projects/mothz/beetle_image_stack\frame_0390.jpg,"[1080, 1920]",modelv1.0__2025-04-08 07:16:25
C:/R_projects/mothz/beetle_image_stack\frame_0391.jpg,"[1080, 1920]",modelv1.0__2025-04-08 07:16:25
C:/R_projects/mothz/beetle_image_stack\frame_0392.jpg,"[1080, 1920]",modelv1.0__2025-04-08 07:16:25
C:/R_projects/mothz/beetle_image_stack\frame_0393.jpg,"[1080, 1920]",modelv1.0__2025-04-08 07:16:25
C:/R_projects/mothz/beetle_image_stack\frame_0394.jpg,"[1080, 1920]",modelv1.0__2025-04-08 07:16:25
C:/R_projects/mothz/beetle_image_stack\frame_0395.jpg,"[1080, 1920]",modelv1.0__2025-04-08 07:16:25
C:/R_projects/mothz/beetle_image_stack\frame_0396.jpg,"[1080, 1920]",modelv1.0__2025-04-08 07:16:25
C:/R_projects/mothz/beetle_image_stack\frame_0397.jpg,"[1080, 1920]",modelv1.0__2025-04-08 07:16:25
C:/R_projects/mothz/beetle_image_stack\frame_0398.jpg,"[1080, 1920]",modelv1.0__2025-04-08 07:16:25
C:/R_projects/mothz/beetle_image_stack\frame_0399.jpg,"[1080, 1920]",modelv1.0__2025-04-08 07:16:25
C:/R_projects/mothz/beetle_image_stack\frame_0400.jpg,"[1080, 1920]",modelv1.0__2025-04-08 07:16:25
C:/R_projects/mothz/beetle_image_stack\frame_0401.jpg,"[1080, 1920]",modelv1.0__2025-04-08 07:16:25
C:/R_projects/mothz/beetle_image_stack\frame_0402.jpg,"[1080, 1920]",modelv1.0__2025-04-08 07:16:25
C:/R_projects/mothz/beetle_image_stack\frame_0403.jpg,"[1080, 1920]",modelv1.0__2025-04-08 07:16:25
C:/R_projects/mothz/beetle_image_stack\frame_0404.jpg,"[1080, 1920]",modelv1.0__2025-04-08 07:16:25
C:/R_projects/mothz/beetle_image_stack\frame_0405.jpg,"[1080, 1920]",modelv1.0__2025-04-08 07:16:25
C:/R_projects/mothz/beetle_image_stack\frame_0406.jpg,"[1080, 1920]",modelv1.0__2025-04-08 07:16:25
C:/R_projects/mothz/beetle_image_stack\frame_0407.jpg,"[1080, 1920]",modelv1.0__2025-04-08 07:16:25
C:/R_projects/mothz/beetle_image_stack\frame_0408.jpg,"[1080, 1920]",modelv1.0__2025-04-08 07:16:25
C:/R_projects/mothz/beetle_image_stack\frame_0409.jpg,"[1080, 1920]",modelv1.0__2025-04-08 07:16:25
C:/R_projects/mothz/beetle_image_stack\frame_0410.jpg,"[1080, 1920]",modelv1.0__2025-04-08 07:16:25
C:/R_projects/mothz/beetle_image_stack\frame_0411.jpg,"[1080, 1920]",modelv1.0__2025-04-08 07:16:25
C:/R_projects/mothz/beetle_image_stack\frame_0412.jpg,"[1080, 1920]",modelv1.0__2025-04-08 07:16:25
C:/R_projects/mothz/beetle_image_stack\frame_0413.jpg,"[1080, 1920]",modelv1.0__2025-04-08 07:16:25
C:/R_projects/mothz/beetle_image_stack\frame_0414.jpg,"[1080, 1920]",modelv1.0__2025-04-08 07:16:25
C:/R_projects/mothz/beetle_image_stack\frame_0415.jpg,"[1080, 1920]",modelv1.0__2025-04-08 07:16:25
C:/R_projects/mothz/beetle_image_stack\frame_0416.jpg,"[1080, 1920]",modelv1.0__2025-04-08 07:16:25
C:/R_projects/mothz/beetle_image_stack\frame_0417.jpg,"[1080, 1920]",modelv1.0__2025-04-08 07:16:25
C:/R_projects/mothz/beetle_image_stack\frame_0418.jpg,"[1080, 1920]",modelv1.0__2025-04-08 07:16:25
C:/R_projects/mothz/beetle_image_stack\frame_0419.jpg,"[1080, 1920]",modelv1.0__2025-04-08 07:16:25
C:/R_projects/mothz/beetle_image_stack\frame_0420.jpg,"[1080, 1920]",modelv1.0__2025-04-08 07:16:25
C:/R_projects/mothz/beetle_image_stack\frame_0421.jpg,"[1080, 1920]",modelv1.0__2025-04-08 07:16:25
C:/R_projects/mothz/beetle_image_stack\frame_0422.jpg,"[1080, 1920]",modelv1.0__2025-04-08 07:16:25
C:/R_projects/mothz/beetle_image_stack\frame_0423.jpg,"[1080, 1920]",modelv1.0__2025-04-08 07:16:25
C:/R_projects/mothz/beetle_image_stack\frame_0424.jpg,"[1080, 1920]",modelv1.0__2025-04-08 07:16:25
C:/R_projects/mothz/beetle_image_stack\frame_0425.jpg,"[1080, 1920]",modelv1.0__2025-04-08 07:16:25
C:/R_projects/mothz/beetle_image_stack\frame_0426.jpg,"[1080, 1920]",modelv1.0__2025-04-08 07:16:25
C:/R_projects/mothz/beetle_image_stack\frame_0427.jpg,"[1080, 1920]",modelv1.0__2025-04-08 07:16:25
C:/R_projects/mothz/beetle_image_stack\frame_0428.jpg,"[1080, 1920]",modelv1.0__2025-04-08 07:16:25
C:/R_projects/mothz/beetle_image_stack\frame_0429.jpg,"[1080, 1920]",modelv1.0__2025-04-08 07:16:25
C:/R_projects/mothz/beetle_image_stack\frame_0430.jpg,"[1080, 1920]",modelv1.0__2025-04-08 07:16:25
C:/R_projects/mothz/beetle_image_stack\frame_0431.jpg,"[1080, 1920]",modelv1.0__2025-04-08 07:16:25
C:/R_projects/mothz/beetle_image_stack\frame_0432.jpg,"[1080, 1920]",modelv1.0__2025-04-08 07:16:25
C:/R_projects/mothz/beetle_image_stack\frame_0433.jpg,"[1080, 1920]",modelv1.0__2025-04-08 07:16:25
C:/R_projects/mothz/beetle_image_stack\frame_0434.jpg,"[1080, 1920]",modelv1.0__2025-04-08 07:16:25
C:/R_projects/mothz/beetle_image_stack\frame_0435.jpg,"[1080, 1920]",modelv1.0__2025-04-08 07:16:25
C:/R_projects/mothz/beetle_image_stack\frame_0436.jpg,"[1080, 1920]",modelv1.0__2025-04-08 07:16:25
C:/R_projects/mothz/beetle_image_stack\frame_0437.jpg,"[1080, 1920]",modelv1.0__2025-04-08 07:16:25
C:/R_projects/mothz/beetle_image_stack\frame_0438.jpg,"[1080, 1920]",modelv1.0__2025-04-08 07:16:25
C:/R_projects/mothz/beetle_image_stack\frame_0439.jpg,"[1080, 1920]",modelv1.0__2025-04-08 07:16:25
C:/R_projects/mothz/beetle_image_stack\frame_0440.jpg,"[1080, 1920]",modelv1.0__2025-04-08 07:16:25
C:/R_projects/mothz/beetle_image_stack\frame_0441.jpg,"[1080, 1920]",modelv1.0__2025-04-08 07:16:25
C:/R_projects/mothz/beetle_image_stack\frame_0442.jpg,"[1080, 1920]",modelv1.0__2025-04-08 07:16:25
C:/R_projects/mothz/beetle_image_stack\frame_0443.jpg,"[1080, 1920]",modelv1.0__2025-04-08 07:16:25
C:/R_projects/mothz/beetle_image_stack\frame_0444.jpg,"[1080, 1920]",modelv1.0__2025-04-08 07:16:25
C:/R_projects/mothz/beetle_image_stack\frame_0445.jpg,"[1080, 1920]",modelv1.0__2025-04-08 07:16:25
C:/R_projects/mothz/beetle_image_stack\frame_0446.jpg,"[1080, 1920]",modelv1.0__2025-04-08 07:16:25
C:/R_projects/mothz/beetle_image_stack\frame_0447.jpg,"[1080, 1920]",modelv1.0__2025-04-08 07:16:25
C:/R_projects/mothz/beetle_image_stack\frame_0448.jpg,"[1080, 1920]",modelv1.0__2025-04-08 07:16:25
C:/R_projects/mothz/beetle_image_stack\frame_0449.jpg,"[1080, 1920]",modelv1.0__2025-04-08 07:16:25
C:/R_projects/mothz/beetle_image_stack\frame_0450.jpg,"[1080, 1920]",modelv1.0__2025-04-08 07:16:25
C:/R_projects/mothz/beetle_image_stack\frame_0451.jpg,"[1080, 1920]",modelv1.0__2025-04-08 07:16:25
C:/R_projects/mothz/beetle_image_stack\frame_0452.jpg,"[1080, 1920]",modelv1.0__2025-04-08 07:16:25
C:/R_projects/mothz/beetle_image_stack\frame_0453.jpg,"[1080, 1920]",modelv1.0__2025-04-08 07:16:25
C:/R_projects/mothz/beetle_image_stack\frame_0454.jpg,"[1080, 1920]",modelv1.0__2025-04-08 07:16:25
C:/R_projects/mothz/beetle_image_stack\frame_0455.jpg,"[1080, 1920]",modelv1.0__2025-04-08 07:16:25
C:/R_projects/mothz/beetle_image_stack\frame_0456.jpg,"[1080, 1920]",modelv1.0__2025-04-08 07:16:25
C:/R_projects/mothz/beetle_image_stack\frame_0457.jpg,"[1080, 1920]",modelv1.0__2025-04-08 07:16:25
C:/R_projects/mothz/beetle_image_stack\frame_0458.jpg,"[1080, 1920]",modelv1.0__2025-04-08 07:16:25
C:/R_projects/mothz/beetle_image_stack\frame_0459.jpg,"[1080, 1920]",modelv1.0__2025-04-08 07:16:25
C:/R_projects/mothz/beetle_image_stack\frame_0460.jpg,"[1080, 1920]",modelv1.0__2025-04-08 07:16:25
C:/R_projects/mothz/beetle_image_stack\frame_0461.jpg,"[1080, 1920]",modelv1.0__2025-04-08 07:16:25
C:/R_projects/mothz/beetle_image_stack\frame_0462.jpg,"[1080, 1920]",modelv1.0__2025-04-08 07:16:25
C:/R_projects/mothz/beetle_image_stack\frame_0463.jpg,"[1080, 1920]",modelv1.0__2025-04-08 07:16:25
C:/R_projects/mothz/beetle_image_stack\frame_0464.jpg,"[1080, 1920]",modelv1.0__2025-04-08 07:16:25
C:/R_projects/mothz/beetle_image_stack\frame_0465.jpg,"[1080, 1920]",modelv1.0__2025-04-08 07:16:25
C:/R_projects/mothz/beetle_image_stack\frame_0466.jpg,"[1080, 1920]",modelv1.0__2025-04-08 07:16:25
C:/R_projects/mothz/beetle_image_stack\frame_0467.jpg,"[1080, 1920]",modelv1.0__2025-04-08 07:16:25
C:/R_projects/mothz/beetle_image_stack\frame_0468.jpg,"[1080, 1920]",modelv1.0__2025-04-08 07:16:25
C:/R_projects/mothz/beetle_image_stack\frame_0469.jpg,"[1080, 1920]",modelv1.0__2025-04-08 07:16:25
C:/R_projects/mothz/beetle_image_stack\frame_0470.jpg,"[1080, 1920]",modelv1.0__2025-04-08 07:16:25
C:/R_projects/mothz/beetle_image_stack\frame_0471.jpg,"[1080, 1920]",modelv1.0__2025-04-08 07:16:25
C:/R_projects/mothz/beetle_image_stack\frame_0472.jpg,"[1080, 1920]",modelv1.0__2025-04-08 07:16:25
C:/R_projects/mothz/beetle_image_stack\frame_0473.jpg,"[1080, 1920]",modelv1.0__2025-04-08 07:16:25
C:/R_projects/mothz/beetle_image_stack\frame_0474.jpg,"[1080, 1920]",modelv1.0__2025-04-08 07:16:25
C:/R_projects/mothz/beetle_image_stack\frame_0475.jpg,"[1080, 1920]",modelv1.0__2025-04-08 07:16:25
C:/R_projects/mothz/beetle_image_stack\frame_0476.jpg,"[1080, 1920]",modelv1.0__2025-04-08 07:16:25
C:/R_projects/mothz/beetle_image_stack\frame_0477.jpg,"[1080, 1920]",modelv1.0__2025-04-08 07:16:25
C:/R_projects/mothz/beetle_image_stack\frame_0478.jpg,"[1080, 1920]",modelv1.0__2025-04-08 07:16:25
C:/R_projects/mothz/beetle_image_stack\frame_0479.jpg,"[1080, 1920]",modelv1.0__2025-04-08 07:16:25
C:/R_projects/mothz/beetle_image_stack\frame_0480.jpg,"[1080, 1920]",modelv1.0__2025-04-08 07:16:25
C:/R_projects/mothz/beetle_image_stack\frame_0481.jpg,"[1080, 1920]",modelv1.0__2025-04-08 07:16:25
C:/R_projects/mothz/beetle_image_stack\frame_0482.jpg,"[1080, 1920]",modelv1.0__2025-04-08 07:16:25
C:/R_projects/mothz/beetle_image_stack\frame_0483.jpg,"[1080, 1920]",modelv1.0__2025-04-08 07:16:25
C:/R_projects/mothz/beetle_image_stack\frame_0484.jpg,"[1080, 1920]",modelv1.0__2025-04-08 07:16:25
C:/R_projects/mothz/beetle_image_stack\frame_0485.jpg,"[1080, 1920]",modelv1.0__2025-04-08 07:16:25
C:/R_projects/mothz/beetle_image_stack\frame_0486.jpg,"[1080, 1920]",modelv1.0__2025-04-08 07:16:25
C:/R_projects/mothz/beetle_image_stack\frame_0487.jpg,"[1080, 1920]",modelv1.0__2025-04-08 07:16:25
C:/R_projects/mothz/beetle_image_stack\frame_0488.jpg,"[1080, 1920]",modelv1.0__2025-04-08 07:16:25
C:/R_projects/mothz/beetle_image_stack\frame_0489.jpg,"[1080, 1920]",modelv1.0__2025-04-08 07:16:25
C:/R_projects/mothz/beetle_image_stack\frame_0490.jpg,"[1080, 1920]",modelv1.0__2025-04-08 07:16:25
C:/R_projects/mothz/beetle_image_stack\frame_0491.jpg,"[1080, 1920]",modelv1.0__2025-04-08 07:16:25
C:/R_projects/mothz/beetle_image_stack\frame_0492.jpg,"[1080, 1920]",modelv1.0__2025-04-08 07:16:25
C:/R_projects/mothz/beetle_image_stack\frame_0493.jpg,"[1080, 1920]",modelv1.0__2025-04-08 07:16:25
C:/R_projects/mothz/beetle_image_stack\frame_0494.jpg,"[1080, 1920]",modelv1.0__2025-04-08 07:16:25
C:/R_projects/mothz/beetle_image_stack\frame_0495.jpg,"[1080, 1920]",modelv1.0__2025-04-08 07:16:25
C:/R_projects/mothz/beetle_image_stack\frame_0496.jpg,"[1080, 1920]",modelv1.0__2025-04-08 07:16:25
C:/R_projects/mothz/beetle_image_stack\frame_0497.jpg,"[1080, 1920]",modelv1.0__2025-04-08 07:16:25
C:/R_projects/mothz/beetle_image_stack\frame_0498.jpg,"[1080, 1920]",modelv1.0__2025-04-08 07:16:25
C:/R_projects/mothz/beetle_image_stack\frame_0499.jpg,"[1080, 1920]",modelv1.0__2025-04-08 07:16:25
C:/R_projects/mothz/beetle_image_stack\frame_0500.jpg,"[1080, 1920]",modelv1.0__2025-04-08 07:16:25
C:/R_projects/mothz/beetle_image_stack\frame_0501.jpg,"[1080, 1920]",modelv1.0__2025-04-08 07:16:25
C:/R_projects/mothz/beetle_image_stack\frame_0502.jpg,"[1080, 1920]",modelv1.0__2025-04-08 07:16:25
C:/R_projects/mothz/beetle_image_stack\frame_0503.jpg,"[1080, 1920]",modelv1.0__2025-04-08 07:16:25
C:/R_projects/mothz/beetle_image_stack\frame_0504.jpg,"[1080, 1920]",modelv1.0__2025-04-08 07:16:25
C:/R_projects/mothz/beetle_image_stack\frame_0505.jpg,"[1080, 1920]",modelv1.0__2025-04-08 07:16:25
C:/R_projects/mothz/beetle_image_stack\frame_0506.jpg,"[1080, 1920]",modelv1.0__2025-04-08 07:16:25
C:/R_projects/mothz/beetle_image_stack\frame_0507.jpg,"[1080, 1920]",modelv1.0__2025-04-08 07:16:25
C:/R_projects/mothz/beetle_image_stack\frame_0508.jpg,"[1080, 1920]",modelv1.0__2025-04-08 07:16:25
C:/R_projects/mothz/beetle_image_stack\frame_0509.jpg,"[1080, 1920]",modelv1.0__2025-04-08 07:16:25
C:/R_projects/mothz/beetle_image_stack\frame_0510.jpg,"[1080, 1920]",modelv1.0__2025-04-08 07:16:25
C:/R_projects/mothz/beetle_image_stack\frame_0511.jpg,"[1080, 1920]",modelv1.0__2025-04-08 07:16:25
C:/R_projects/mothz/beetle_image_stack\frame_0512.jpg,"[1080, 1920]",modelv1.0__2025-04-08 07:16:25
C:/R_projects/mothz/beetle_image_stack\frame_0513.jpg,"[1080, 1920]",modelv1.0__2025-04-08 07:16:25
C:/R_projects/mothz/beetle_image_stack\frame_0514.jpg,"[1080, 1920]",modelv1.0__2025-04-08 07:16:25
C:/R_projects/mothz/beetle_image_stack\frame_0515.jpg,"[1080, 1920]",modelv1.0__2025-04-08 07:16:25
C:/R_projects/mothz/beetle_image_stack\frame_0516.jpg,"[1080, 1920]",modelv1.0__2025-04-08 07:16:25
C:/R_projects/mothz/beetle_image_stack\frame_0517.jpg,"[1080, 1920]",modelv1.0__2025-04-08 07:16:25
C:/R_projects/mothz/beetle_image_stack\frame_0518.jpg,"[1080, 1920]",modelv1.0__2025-04-08 07:16:25
C:/R_projects/mothz/beetle_image_stack\frame_0519.jpg,"[1080, 1920]",modelv1.0__2025-04-08 07:16:25
C:/R_projects/mothz/beetle_image_stack\frame_0520.jpg,"[1080, 1920]",modelv1.0__2025-04-08 07:16:25
C:/R_projects/mothz/beetle_image_stack\frame_0521.jpg,"[1080, 1920]",modelv1.0__2025-04-08 07:16:25
C:/R_projects/mothz/beetle_image_stack\frame_0522.jpg,"[1080, 1920]",modelv1.0__2025-04-08 07:16:25
C:/R_projects/mothz/beetle_image_stack\frame_0523.jpg,"[1080, 1920]",modelv1.0__2025-04-08 07:16:25
C:/R_projects/mothz/beetle_image_stack\frame_0524.jpg,"[1080, 1920]",modelv1.0__2025-04-08 07:16:25
C:/R_projects/mothz/beetle_image_stack\frame_0525.jpg,"[1080, 1920]",modelv1.0__2025-04-08 07:16:25
C:/R_projects/mothz/beetle_image_stack\frame_0526.jpg,"[1080, 1920]",modelv1.0__2025-04-08 07:16:25
C:/R_projects/mothz/beetle_image_stack\frame_0527.jpg,"[1080, 1920]",modelv1.0__2025-04-08 07:16:25
C:/R_projects/mothz/beetle_image_stack\frame_0528.jpg,"[1080, 1920]",modelv1.0__2025-04-08 07:16:25
C:/R_projects/mothz/beetle_image_stack\frame_0529.jpg,"[1080, 1920]",modelv1.0__2025-04-08 07:16:25
C:/R_projects/mothz/beetle_image_stack\frame_0530.jpg,"[1080, 1920]",modelv1.0__2025-04-08 07:16:25
C:/R_projects/mothz/beetle_image_stack\frame_0531.jpg,"[1080, 1920]",modelv1.0__2025-04-08 07:16:25
C:/R_projects/mothz/beetle_image_stack\frame_0532.jpg,"[1080, 1920]",modelv1.0__2025-04-08 07:16:25
C:/R_projects/mothz/beetle_image_stack\frame_0533.jpg,"[1080, 1920]",modelv1.0__2025-04-08 07:16:25
C:/R_projects/mothz/beetle_image_stack\frame_0534.jpg,"[1080, 1920]",modelv1.0__2025-04-08 07:16:25
C:/R_projects/mothz/beetle_image_stack\frame_0535.jpg,"[1080, 1920]",modelv1.0__2025-04-08 07:16:25
C:/R_projects/mothz/beetle_image_stack\frame_0536.jpg,"[1080, 1920]",modelv1.0__2025-04-08 07:16:25
C:/R_projects/mothz/beetle_image_stack\frame_0537.jpg,"[1080, 1920]",modelv1.0__2025-04-08 07:16:25
C:/R_projects/mothz/beetle_image_stack\frame_0538.jpg,"[1080, 1920]",modelv1.0__2025-04-08 07:16:25
C:/R_projects/mothz/beetle_image_stack\frame_0539.jpg,"[1080, 1920]",modelv1.0__2025-04-08 07:16:25
C:/R_projects/mothz/beetle_image_stack\frame_0540.jpg,"[1080, 1920]",modelv1.0__2025-04-08 07:16:25
C:/R_projects/mothz/beetle_image_stack\frame_0541.jpg,"[1080, 1920]",modelv1.0__2025-04-08 07:16:25
C:/R_projects/mothz/beetle_image_stack\frame_0542.jpg,"[1080, 1920]",modelv1.0__2025-04-08 07:16:25
C:/R_projects/mothz/beetle_image_stack\frame_0543.jpg,"[1080, 1920]",modelv1.0__2025-04-08 07:16:25
C:/R_projects/mothz/beetle_image_stack\frame_0544.jpg,"[1080, 1920]",modelv1.0__2025-04-08 07:16:25
C:/R_projects/mothz/beetle_image_stack\frame_0545.jpg,"[1080, 1920]",modelv1.0__2025-04-08 07:16:25
C:/R_projects/mothz/beetle_image_stack\frame_0546.jpg,"[1080, 1920]",modelv1.0__2025-04-08 07:16:25
C:/R_projects/mothz/beetle_image_stack\frame_0547.jpg,"[1080, 1920]",modelv1.0__2025-04-08 07:16:25
C:/R_projects/mothz/beetle_image_stack\frame_0548.jpg,"[1080, 1920]",modelv1.0__2025-04-08 07:16:25
C:/R_projects/mothz/beetle_image_stack\frame_0549.jpg,"[1080, 1920]",modelv1.0__2025-04-08 07:16:25
C:/R_projects/mothz/beetle_image_stack\frame_0550.jpg,"[1080, 1920]",modelv1.0__2025-04-08 07:16:25
C:/R_projects/mothz/beetle_image_stack\frame_0551.jpg,"[1080, 1920]",modelv1.0__2025-04-08 07:16:25
C:/R_projects/mothz/beetle_image_stack\frame_0552.jpg,"[1080, 1920]",modelv1.0__2025-04-08 07:16:25
C:/R_projects/mothz/beetle_image_stack\frame_0553.jpg,"[1080, 1920]",modelv1.0__2025-04-08 07:16:25
C:/R_projects/mothz/beetle_image_stack\frame_0554.jpg,"[1080, 1920]",modelv1.0__2025-04-08 07:16:25
C:/R_projects/mothz/beetle_image_stack\frame_0555.jpg,"[1080, 1920]",modelv1.0__2025-04-08 07:16:25
C:/R_projects/mothz/beetle_image_stack\frame_0556.jpg,"[1080, 1920]",modelv1.0__2025-04-08 07:16:25
C:/R_projects/mothz/beetle_image_stack\frame_0557.jpg,"[1080, 1920]",modelv1.0__2025-04-08 07:16:25
C:/R_projects/mothz/beetle_image_stack\frame_0558.jpg,"[1080, 1920]",modelv1.0__2025-04-08 07:16:25
C:/R_projects/mothz/beetle_image_stack\frame_0559.jpg,"[1080, 1920]",modelv1.0__2025-04-08 07:16:25
C:/R_projects/mothz/beetle_image_stack\frame_0560.jpg,"[1080, 1920]",modelv1.0__2025-04-08 07:16:25
C:/R_projects/mothz/beetle_image_stack\frame_0561.jpg,"[1080, 1920]",modelv1.0__2025-04-08 07:16:25
C:/R_projects/mothz/beetle_image_stack\frame_0562.jpg,"[1080, 1920]",modelv1.0__2025-04-08 07:16:25
C:/R_projects/mothz/beetle_image_stack\frame_0563.jpg,"[1080, 1920]",modelv1.0__2025-04-08 07:16:25
C:/R_projects/mothz/beetle_image_stack\frame_0564.jpg,"[1080, 1920]",modelv1.0__2025-04-08 07:16:25
C:/R_projects/mothz/beetle_image_stack\frame_0565.jpg,"[1080, 1920]",modelv1.0__2025-04-08 07:16:25
C:/R_projects/mothz/beetle_image_stack\frame_0566.jpg,"[1080, 1920]",modelv1.0__2025-04-08 07:16:25
C:/R_projects/mothz/beetle_image_stack\frame_0567.jpg,"[1080, 1920]",modelv1.0__2025-04-08 07:16:25
C:/R_projects/mothz/beetle_image_stack\frame_0568.jpg,"[1080, 1920]",modelv1.0__2025-04-08 07:16:25
C:/R_projects/mothz/beetle_image_stack\frame_0569.jpg,"[1080, 1920]",modelv1.0__2025-04-08 07:16:25
C:/R_projects/mothz/beetle_image_stack\frame_0570.jpg,"[1080, 1920]",modelv1.0__2025-04-08 07:16:25
C:/R_projects/mothz/beetle_image_stack\frame_0571.jpg,"[1080, 1920]",modelv1.0__2025-04-08 07:16:25
C:/R_projects/mothz/beetle_image_stack\frame_0572.jpg,"[1080, 1920]",modelv1.0__2025-04-08 07:16:25
C:/R_projects/mothz/beetle_image_stack\frame_0573.jpg,"[1080, 1920]",modelv1.0__2025-04-08 07:16:25
C:/R_projects/mothz/beetle_image_stack\frame_0574.jpg,"[1080, 1920]",modelv1.0__2025-04-08 07:16:25
C:/R_projects/mothz/beetle_image_stack\frame_0575.jpg,"[1080, 1920]",modelv1.0__2025-04-08 07:16:25
C:/R_projects/mothz/beetle_image_stack\frame_0576.jpg,"[1080, 1920]",modelv1.0__2025-04-08 07:16:25
C:/R_projects/mothz/beetle_image_stack\frame_0577.jpg,"[1080, 1920]",modelv1.0__2025-04-08 07:16:25
C:/R_projects/mothz/beetle_image_stack\frame_0578.jpg,"[1080, 1920]",modelv1.0__2025-04-08 07:16:25
C:/R_projects/mothz/beetle_image_stack\frame_0579.jpg,"[1080, 1920]",modelv1.0__2025-04-08 07:16:25
C:/R_projects/mothz/beetle_image_stack\frame_0580.jpg,"[1080, 1920]",modelv1.0__2025-04-08 07:16:25
C:/R_projects/mothz/beetle_image_stack\frame_0581.jpg,"[1080, 1920]",modelv1.0__2025-04-08 07:16:25
C:/R_projects/mothz/beetle_image_stack\frame_0582.jpg,"[1080, 1920]",modelv1.0__2025-04-08 07:16:25
C:/R_projects/mothz/beetle_image_stack\frame_0583.jpg,"[1080, 1920]",modelv1.0__2025-04-08 07:16:25
C:/R_projects/mothz/beetle_image_stack\frame_0584.jpg,"[1080, 1920]",modelv1.0__2025-04-08 07:16:25
C:/R_projects/mothz/beetle_image_stack\frame_0585.jpg,"[1080, 1920]",modelv1.0__2025-04-08 07:16:25
C:/R_projects/mothz/beetle_image_stack\frame_0586.jpg,"[1080, 1920]",modelv1.0__2025-04-08 07:16:25
C:/R_projects/mothz/beetle_image_stack\frame_0587.jpg,"[1080, 1920]",modelv1.0__2025-04-08 07:16:25
C:/R_projects/mothz/beetle_image_stack\frame_0588.jpg,"[1080, 1920]",modelv1.0__2025-04-08 07:16:25
C:/R_projects/mothz/beetle_image_stack\frame_0589.jpg,"[1080, 1920]",modelv1.0__2025-04-08 07:16:25
C:/R_projects/mothz/beetle_image_stack\frame_0590.jpg,"[1080, 1920]",modelv1.0__2025-04-08 07:16:25
C:/R_projects/mothz/beetle_image_stack\frame_0591.jpg,"[1080, 1920]",modelv1.0__2025-04-08 07:16:25
C:/R_projects/mothz/beetle_image_stack\frame_0592.jpg,"[1080, 1920]",modelv1.0__2025-04-08 07:16:25
C:/R_projects/mothz/beetle_image_stack\frame_0593.jpg,"[1080, 1920]",modelv1.0__2025-04-08 07:16:25
C:/R_projects/mothz/beetle_image_stack\frame_0594.jpg,"[1080, 1920]",modelv1.0__2025-04-08 07:16:25
C:/R_projects/mothz/beetle_image_stack\frame_0595.jpg,"[1080, 1920]",modelv1.0__2025-04-08 07:16:25
C:/R_projects/mothz/beetle_image_stack\frame_0596.jpg,"[1080, 1920]",modelv1.0__2025-04-08 07:16:25
C:/R_projects/mothz/beetle_image_stack\frame_0597.jpg,"[1080, 1920]",modelv1.0__2025-04-08 07:16:25
C:/R_projects/mothz/beetle_image_stack\frame_0598.jpg,"[1080, 1920]",modelv1.0__2025-04-08 07:16:25
C:/R_projects/mothz/beetle_image_stack\frame_0599.jpg,"[1080, 1920]",modelv1.0__2025-04-08 07:16:25
C:/R_projects/mothz/beetle_image_stack\frame_0600.jpg,"[1080, 1920]",modelv1.0__2025-04-08 07:16:25
C:/R_projects/mothz/beetle_image_stack\frame_0601.jpg,"[1080, 1920]",modelv1.0__2025-04-08 07:16:25
C:/R_projects/mothz/beetle_image_stack\frame_0602.jpg,"[1080, 1920]",modelv1.0__2025-04-08 07:16:25
C:/R_projects/mothz/beetle_image_stack\frame_0603.jpg,"[1080, 1920]",modelv1.0__2025-04-08 07:16:25
C:/R_projects/mothz/beetle_image_stack\frame_0604.jpg,"[1080, 1920]",modelv1.0__2025-04-08 07:16:25
C:/R_projects/mothz/beetle_image_stack\frame_0605.jpg,"[1080, 1920]",modelv1.0__2025-04-08 07:16:25
C:/R_projects/mothz/beetle_image_stack\frame_0606.jpg,"[1080, 1920]",modelv1.0__2025-04-08 07:16:25
C:/R_projects/mothz/beetle_image_stack\frame_0607.jpg,"[1080, 1920]",modelv1.0__2025-04-08 07:16:25
C:/R_projects/mothz/beetle_image_stack\frame_0608.jpg,"[1080, 1920]",modelv1.0__2025-04-08 07:16:25
C:/R_projects/mothz/beetle_image_stack\frame_0609.jpg,"[1080, 1920]",modelv1.0__2025-04-08 07:16:25
C:/R_projects/mothz/beetle_image_stack\frame_0610.jpg,"[1080, 1920]",modelv1.0__2025-04-08 07:16:25
C:/R_projects/mothz/beetle_image_stack\frame_0611.jpg,"[1080, 1920]",modelv1.0__2025-04-08 07:16:25
C:/R_projects/mothz/beetle_image_stack\frame_0612.jpg,"[1080, 1920]",modelv1.0__2025-04-08 07:16:25
C:/R_projects/mothz/beetle_image_stack\frame_0613.jpg,"[1080, 1920]",modelv1.0__2025-04-08 07:16:25
C:/R_projects/mothz/beetle_image_stack\frame_0614.jpg,"[1080, 1920]",modelv1.0__2025-04-08 07:16:25
C:/R_projects/mothz/beetle_image_stack\frame_0615.jpg,"[1080, 1920]",modelv1.0__2025-04-08 07:16:25
C:/R_projects/mothz/beetle_image_stack\frame_0616.jpg,"[1080, 1920]",modelv1.0__2025-04-08 07:16:25
C:/R_projects/mothz/beetle_image_stack\frame_0617.jpg,"[1080, 1920]",modelv1.0__2025-04-08 07:16:25
C:/R_projects/mothz/beetle_image_stack\frame_0618.jpg,"[1080, 1920]",modelv1.0__2025-04-08 07:16:25
C:/R_projects/mothz/beetle_image_stack\frame_0619.jpg,"[1080, 1920]",modelv1.0__2025-04-08 07:16:25
C:/R_projects/mothz/beetle_image_stack\frame_0620.jpg,"[1080, 1920]",modelv1.0__2025-04-08 07:16:25
C:/R_projects/mothz/beetle_image_stack\frame_0621.jpg,"[1080, 1920]",modelv1.0__2025-04-08 07:16:25
C:/R_projects/mothz/beetle_image_stack\frame_0622.jpg,"[1080, 1920]",modelv1.0__2025-04-08 07:16:25
C:/R_projects/mothz/beetle_image_stack\frame_0623.jpg,"[1080, 1920]",modelv1.0__2025-04-08 07:16:25
C:/R_projects/mothz/beetle_image_stack\frame_0624.jpg,"[1080, 1920]",modelv1.0__2025-04-08 07:16:25
C:/R_projects/mothz/beetle_image_stack\frame_0625.jpg,"[1080, 1920]",modelv1.0__2025-04-08 07:16:25
C:/R_projects/mothz/beetle_image_stack\frame_0626.jpg,"[1080, 1920]",modelv1.0__2025-04-08 07:16:25
C:/R_projects/mothz/beetle_image_stack\frame_0627.jpg,"[1080, 1920]",modelv1.0__2025-04-08 07:16:25
C:/R_projects/mothz/beetle_image_stack\frame_0628.jpg,"[1080, 1920]",modelv1.0__2025-04-08 07:16:25
C:/R_projects/mothz/beetle_image_stack\frame_0629.jpg,"[1080, 1920]",modelv1.0__2025-04-08 07:16:25
C:/R_projects/mothz/beetle_image_stack\frame_0630.jpg,"[1080, 1920]",modelv1.0__2025-04-08 07:16:25
C:/R_projects/mothz/beetle_image_stack\frame_0631.jpg,"[1080, 1920]",modelv1.0__2025-04-08 07:16:25
C:/R_projects/mothz/beetle_image_stack\frame_0632.jpg,"[1080, 1920]",modelv1.0__2025-04-08 07:16:25
C:/R_projects/mothz/beetle_image_stack\frame_0633.jpg,"[1080, 1920]",modelv1.0__2025-04-08 07:16:25
C:/R_projects/mothz/beetle_image_stack\frame_0634.jpg,"[1080, 1920]",modelv1.0__2025-04-08 07:16:25
C:/R_projects/mothz/beetle_image_stack\frame_0635.jpg,"[1080, 1920]",modelv1.0__2025-04-08 07:16:25
C:/R_projects/mothz/beetle_image_stack\frame_0636.jpg,"[1080, 1920]",modelv1.0__2025-04-08 07:16:25
C:/R_projects/mothz/beetle_image_stack\frame_0637.jpg,"[1080, 1920]",modelv1.0__2025-04-08 07:16:25
C:/R_projects/mothz/beetle_image_stack\frame_0638.jpg,"[1080, 1920]",modelv1.0__2025-04-08 07:16:25
C:/R_projects/mothz/beetle_image_stack\frame_0639.jpg,"[1080, 1920]",modelv1.0__2025-04-08 07:16:25
C:/R_projects/mothz/beetle_image_stack\frame_0640.jpg,"[1080, 1920]",modelv1.0__2025-04-08 07:16:25
C:/R_projects/mothz/beetle_image_stack\frame_0641.jpg,"[1080, 1920]",modelv1.0__2025-04-08 07:16:25
C:/R_projects/mothz/beetle_image_stack\frame_0642.jpg,"[1080, 1920]",modelv1.0__2025-04-08 07:16:25
C:/R_projects/mothz/beetle_image_stack\frame_0643.jpg,"[1080, 1920]",modelv1.0__2025-04-08 07:16:25
C:/R_projects/mothz/beetle_image_stack\frame_0644.jpg,"[1080, 1920]",modelv1.0__2025-04-08 07:16:25
C:/R_projects/mothz/beetle_image_stack\frame_0645.jpg,"[1080, 1920]",modelv1.0__2025-04-08 07:16:25
C:/R_projects/mothz/beetle_image_stack\frame_0646.jpg,"[1080, 1920]",modelv1.0__2025-04-08 07:16:25
C:/R_projects/mothz/beetle_image_stack\frame_0647.jpg,"[1080, 1920]",modelv1.0__2025-04-08 07:16:25
C:/R_projects/mothz/beetle_image_stack\frame_0648.jpg,"[1080, 1920]",modelv1.0__2025-04-08 07:16:25
C:/R_projects/mothz/beetle_image_stack\frame_0649.jpg,"[1080, 1920]",modelv1.0__2025-04-08 07:16:25
C:/R_projects/mothz/beetle_image_stack\frame_0650.jpg,"[1080, 1920]",modelv1.0__2025-04-08 07:16:25
C:/R_projects/mothz/beetle_image_stack\frame_0651.jpg,"[1080, 1920]",modelv1.0__2025-04-08 07:16:25
C:/R_projects/mothz/beetle_image_stack\frame_0652.jpg,"[1080, 1920]",modelv1.0__2025-04-08 07:16:25
C:/R_projects/mothz/beetle_image_stack\frame_0653.jpg,"[1080, 1920]",modelv1.0__2025-04-08 07:16:25
C:/R_projects/mothz/beetle_image_stack\frame_0654.jpg,"[1080, 1920]",modelv1.0__2025-04-08 07:16:25
C:/R_projects/mothz/beetle_image_stack\frame_0655.jpg,"[1080, 1920]",modelv1.0__2025-04-08 07:16:25
C:/R_projects/mothz/beetle_image_stack\frame_0656.jpg,"[1080, 1920]",modelv1.0__2025-04-08 07:16:25
C:/R_projects/mothz/beetle_image_stack\frame_0657.jpg,"[1080, 1920]",modelv1.0__2025-04-08 07:16:25
C:/R_projects/mothz/beetle_image_stack\frame_0658.jpg,"[1080, 1920]",modelv1.0__2025-04-08 07:16:25
C:/R_projects/mothz/beetle_image_stack\frame_0659.jpg,"[1080, 1920]",modelv1.0__2025-04-08 07:16:25
C:/R_projects/mothz/beetle_image_stack\frame_0660.jpg,"[1080, 1920]",modelv1.0__2025-04-08 07:16:25
C:/R_projects/mothz/beetle_image_stack\frame_0661.jpg,"[1080, 1920]",modelv1.0__2025-04-08 07:16:25
C:/R_projects/mothz/beetle_image_stack\frame_0662.jpg,"[1080, 1920]",modelv1.0__2025-04-08 07:16:25
C:/R_projects/mothz/beetle_image_stack\frame_0663.jpg,"[1080, 1920]",modelv1.0__2025-04-08 07:16:25
C:/R_projects/mothz/beetle_image_stack\frame_0664.jpg,"[1080, 1920]",modelv1.0__2025-04-08 07:16:25
C:/R_projects/mothz/beetle_image_stack\frame_0665.jpg,"[1080, 1920]",modelv1.0__2025-04-08 07:16:25
C:/R_projects/mothz/beetle_image_stack\frame_0666.jpg,"[1080, 1920]",modelv1.0__2025-04-08 07:16:25
C:/R_projects/mothz/beetle_image_stack\frame_0667.jpg,"[1080, 1920]",modelv1.0__2025-04-08 07:16:25
C:/R_projects/mothz/beetle_image_stack\frame_0668.jpg,"[1080, 1920]",modelv1.0__2025-04-08 07:16:25
C:/R_projects/mothz/beetle_image_stack\frame_0669.jpg,"[1080, 1920]",modelv1.0__2025-04-08 07:16:25
C:/R_projects/mothz/beetle_image_stack\frame_0670.jpg,"[1080, 1920]",modelv1.0__2025-04-08 07:16:25
C:/R_projects/mothz/beetle_image_stack\frame_0671.jpg,"[1080, 1920]",modelv1.0__2025-04-08 07:16:25
C:/R_projects/mothz/beetle_image_stack\frame_0672.jpg,"[1080, 1920]",modelv1.0__2025-04-08 07:16:25
C:/R_projects/mothz/beetle_image_stack\frame_0673.jpg,"[1080, 1920]",modelv1.0__2025-04-08 07:16:25
C:/R_projects/mothz/beetle_image_stack\frame_0674.jpg,"[1080, 1920]",modelv1.0__2025-04-08 07:16:25
C:/R_projects/mothz/beetle_image_stack\frame_0675.jpg,"[1080, 1920]",modelv1.0__2025-04-08 07:16:25
C:/R_projects/mothz/beetle_image_stack\frame_0676.jpg,"[1080, 1920]",modelv1.0__2025-04-08 07:16:25
C:/R_projects/mothz/beetle_image_stack\frame_0677.jpg,"[1080, 1920]",modelv1.0__2025-04-08 07:16:25
C:/R_projects/mothz/beetle_image_stack\frame_0678.jpg,"[1080, 1920]",modelv1.0__2025-04-08 07:16:25
C:/R_projects/mothz/beetle_image_stack\frame_0679.jpg,"[1080, 1920]",modelv1.0__2025-04-08 07:16:25
C:/R_projects/mothz/beetle_image_stack\frame_0680.jpg,"[1080, 1920]",modelv1.0__2025-04-08 07:16:25
C:/R_projects/mothz/beetle_image_stack\frame_0681.jpg,"[1080, 1920]",modelv1.0__2025-04-08 07:16:25
C:/R_projects/mothz/beetle_image_stack\frame_0682.jpg,"[1080, 1920]",modelv1.0__2025-04-08 07:16:25
C:/R_projects/mothz/beetle_image_stack\frame_0683.jpg,"[1080, 1920]",modelv1.0__2025-04-08 07:16:25
C:/R_projects/mothz/beetle_image_stack\frame_0684.jpg,"[1080, 1920]",modelv1.0__2025-04-08 07:16:25
C:/R_projects/mothz/beetle_image_stack\frame_0685.jpg,"[1080, 1920]",modelv1.0__2025-04-08 07:16:25
C:/R_projects/mothz/beetle_image_stack\frame_0686.jpg,"[1080, 1920]",modelv1.0__2025-04-08 07:16:25
C:/R_projects/mothz/beetle_image_stack\frame_0687.jpg,"[1080, 1920]",modelv1.0__2025-04-08 07:16:25
C:/R_projects/mothz/beetle_image_stack\frame_0688.jpg,"[1080, 1920]",modelv1.0__2025-04-08 07:16:25
C:/R_projects/mothz/beetle_image_stack\frame_0689.jpg,"[1080, 1920]",modelv1.0__2025-04-08 07:16:25
C:/R_projects/mothz/beetle_image_stack\frame_0690.jpg,"[1080, 1920]",modelv1.0__2025-04-08 07:16:25
C:/R_projects/mothz/beetle_image_stack\frame_0691.jpg,"[1080, 1920]",modelv1.0__2025-04-08 07:16:25
C:/R_projects/mothz/beetle_image_stack\frame_0692.jpg,"[1080, 1920]",modelv1.0__2025-04-08 07:16:25
C:/R_projects/mothz/beetle_image_stack\frame_0693.jpg,"[1080, 1920]",modelv1.0__2025-04-08 07:16:25
C:/R_projects/mothz/beetle_image_stack\frame_0694.jpg,"[1080, 1920]",modelv1.0__2025-04-08 07:16:25
C:/R_projects/mothz/beetle_image_stack\frame_0695.jpg,"[1080, 1920]",modelv1.0__2025-04-08 07:16:25
C:/R_projects/mothz/beetle_image_stack\frame_0696.jpg,"[1080, 1920]",modelv1.0__2025-04-08 07:16:25
C:/R_projects/mothz/beetle_image_stack\frame_0697.jpg,"[1080, 1920]",modelv1.0__2025-04-08 07:16:25
C:/R_projects/mothz/beetle_image_stack\frame_0698.jpg,"[1080, 1920]",modelv1.0__2025-04-08 07:16:25
C:/R_projects/mothz/beetle_image_stack\frame_0699.jpg,"[1080, 1920]",modelv1.0__2025-04-08 07:16:25
C:/R_projects/mothz/beetle_image_stack\frame_0700.jpg,"[1080, 1920]",modelv1.0__2025-04-08 07:16:25
C:/R_projects/mothz/beetle_image_stack\frame_0701.jpg,"[1080, 1920]",modelv1.0__2025-04-08 07:16:25
C:/R_projects/mothz/beetle_image_stack\frame_0702.jpg,"[1080, 1920]",modelv1.0__2025-04-08 07:16:25
C:/R_projects/mothz/beetle_image_stack\frame_0703.jpg,"[1080, 1920]",modelv1.0__2025-04-08 07:16:25
C:/R_projects/mothz/beetle_image_stack\frame_0704.jpg,"[1080, 1920]",modelv1.0__2025-04-08 07:16:25
C:/R_projects/mothz/beetle_image_stack\frame_0705.jpg,"[1080, 1920]",modelv1.0__2025-04-08 07:16:25
C:/R_projects/mothz/beetle_image_stack\frame_0706.jpg,"[1080, 1920]",modelv1.0__2025-04-08 07:16:25
C:/R_projects/mothz/beetle_image_stack\frame_0707.jpg,"[1080, 1920]",modelv1.0__2025-04-08 07:16:25
C:/R_projects/mothz/beetle_image_stack\frame_0708.jpg,"[1080, 1920]",modelv1.0__2025-04-08 07:16:25
C:/R_projects/mothz/beetle_image_stack\frame_0709.jpg,"[1080, 1920]",modelv1.0__2025-04-08 07:16:25
C:/R_projects/mothz/beetle_image_stack\frame_0710.jpg,"[1080, 1920]",modelv1.0__2025-04-08 07:16:25
C:/R_projects/mothz/beetle_image_stack\frame_0711.jpg,"[1080, 1920]",modelv1.0__2025-04-08 07:16:25
C:/R_projects/mothz/beetle_image_stack\frame_0712.jpg,"[1080, 1920]",modelv1.0__2025-04-08 07:16:25
C:/R_projects/mothz/beetle_image_stack\frame_0713.jpg,"[1080, 1920]",modelv1.0__2025-04-08 07:16:25
C:/R_projects/mothz/beetle_image_stack\frame_0714.jpg,"[1080, 1920]",modelv1.0__2025-04-08 07:16:25
C:/R_projects/mothz/beetle_image_stack\frame_0715.jpg,"[1080, 1920]",modelv1.0__2025-04-08 07:16:25
C:/R_projects/mothz/beetle_image_stack\frame_0716.jpg,"[1080, 1920]",modelv1.0__2025-04-08 07:16:25
C:/R_projects/mothz/beetle_image_stack\frame_0717.jpg,"[1080, 1920]",modelv1.0__2025-04-08 07:16:25
C:/R_projects/mothz/beetle_image_stack\frame_0718.jpg,"[1080, 1920]",modelv1.0__2025-04-08 07:16:25
C:/R_projects/mothz/beetle_image_stack\frame_0719.jpg,"[1080, 1920]",modelv1.0__2025-04-08 07:16:25
C:/R_projects/mothz/beetle_image_stack\frame_0720.jpg,"[1080, 1920]",modelv1.0__2025-04-08 07:16:25
C:/R_projects/mothz/beetle_image_stack\frame_0721.jpg,"[1080, 1920]",modelv1.0__2025-04-08 07:16:25
C:/R_projects/mothz/beetle_image_stack\frame_0722.jpg,"[1080, 1920]",modelv1.0__2025-04-08 07:16:25
C:/R_projects/mothz/beetle_image_stack\frame_0723.jpg,"[1080, 1920]",modelv1.0__2025-04-08 07:16:25
C:/R_projects/mothz/beetle_image_stack\frame_0724.jpg,"[1080, 1920]",modelv1.0__2025-04-08 07:16:25
C:/R_projects/mothz/beetle_image_stack\frame_0725.jpg,"[1080, 1920]",modelv1.0__2025-04-08 07:16:25
C:/R_projects/mothz/beetle_image_stack\frame_0726.jpg,"[1080, 1920]",modelv1.0__2025-04-08 07:16:25
C:/R_projects/mothz/beetle_image_stack\frame_0727.jpg,"[1080, 1920]",modelv1.0__2025-04-08 07:16:25
C:/R_projects/mothz/beetle_image_stack\frame_0728.jpg,"[1080, 1920]",modelv1.0__2025-04-08 07:16:25
C:/R_projects/mothz/beetle_image_stack\frame_0729.jpg,"[1080, 1920]",modelv1.0__2025-04-08 07:16:25
C:/R_projects/mothz/beetle_image_stack\frame_0730.jpg,"[1080, 1920]",modelv1.0__2025-04-08 07:16:25
C:/R_projects/mothz/beetle_image_stack\frame_0731.jpg,"[1080, 1920]",modelv1.0__2025-04-08 07:16:25
C:/R_projects/mothz/beetle_image_stack\frame_0732.jpg,"[1080, 1920]",modelv1.0__2025-04-08 07:16:25
C:/R_projects/mothz/beetle_image_stack\frame_0733.jpg,"[1080, 1920]",modelv1.0__2025-04-08 07:16:25
C:/R_projects/mothz/beetle_image_stack\frame_0734.jpg,"[1080, 1920]",modelv1.0__2025-04-08 07:16:25
C:/R_projects/mothz/beetle_image_stack\frame_0735.jpg,"[1080, 1920]",modelv1.0__2025-04-08 07:16:25
C:/R_projects/mothz/beetle_image_stack\frame_0736.jpg,"[1080, 1920]",modelv1.0__2025-04-08 07:16:25
C:/R_projects/mothz/beetle_image_stack\frame_0737.jpg,"[1080, 1920]",modelv1.0__2025-04-08 07:16:25
C:/R_projects/mothz/beetle_image_stack\frame_0738.jpg,"[1080, 1920]",modelv1.0__2025-04-08 07:16:25
C:/R_projects/mothz/beetle_image_stack\frame_0739.jpg,"[1080, 1920]",modelv1.0__2025-04-08 07:16:25
C:/R_projects/mothz/beetle_image_stack\frame_0740.jpg,"[1080, 1920]",modelv1.0__2025-04-08 07:16:25
C:/R_projects/mothz/beetle_image_stack\frame_0741.jpg,"[1080, 1920]",modelv1.0__2025-04-08 07:16:25
C:/R_projects/mothz/beetle_image_stack\frame_0742.jpg,"[1080, 1920]",modelv1.0__2025-04-08 07:16:25
C:/R_projects/mothz/beetle_image_stack\frame_0743.jpg,"[1080, 1920]",modelv1.0__2025-04-08 07:16:25
C:/R_projects/mothz/beetle_image_stack\frame_0744.jpg,"[1080, 1920]",modelv1.0__2025-04-08 07:16:25
C:/R_projects/mothz/beetle_image_stack\frame_0745.jpg,"[1080, 1920]",modelv1.0__2025-04-08 07:16:25
C:/R_projects/mothz/beetle_image_stack\frame_0746.jpg,"[1080, 1920]",modelv1.0__2025-04-08 07:16:25
C:/R_projects/mothz/beetle_image_stack\frame_0747.jpg,"[1080, 1920]",modelv1.0__2025-04-08 07:16:25
C:/R_projects/mothz/beetle_image_stack\frame_0748.jpg,"[1080, 1920]",modelv1.0__2025-04-08 07:16:25
C:/R_projects/mothz/beetle_image_stack\frame_0749.jpg,"[1080, 1920]",modelv1.0__2025-04-08 07:16:25
C:/R_projects/mothz/beetle_image_stack\frame_0750.jpg,"[1080, 1920]",modelv1.0__2025-04-08 07:16:25
C:/R_projects/mothz/beetle_image_stack\frame_0751.jpg,"[1080, 1920]",modelv1.0__2025-04-08 07:16:25
C:/R_projects/mothz/beetle_image_stack\frame_0752.jpg,"[1080, 1920]",modelv1.0__2025-04-08 07:16:25
C:/R_projects/mothz/beetle_image_stack\frame_0753.jpg,"[1080, 1920]",modelv1.0__2025-04-08 07:16:25
C:/R_projects/mothz/beetle_image_stack\frame_0754.jpg,"[1080, 1920]",modelv1.0__2025-04-08 07:16:25
C:/R_projects/mothz/beetle_image_stack\frame_0755.jpg,"[1080, 1920]",modelv1.0__2025-04-08 07:16:25
C:/R_projects/mothz/beetle_image_stack\frame_0756.jpg,"[1080, 1920]",modelv1.0__2025-04-08 07:16:25
C:/R_projects/mothz/beetle_image_stack\frame_0757.jpg,"[1080, 1920]",modelv1.0__2025-04-08 07:16:25
C:/R_projects/mothz/beetle_image_stack\frame_0758.jpg,"[1080, 1920]",modelv1.0__2025-04-08 07:16:25
C:/R_projects/mothz/beetle_image_stack\frame_0759.jpg,"[1080, 1920]",modelv1.0__2025-04-08 07:16:25
C:/R_projects/mothz/beetle_image_stack\frame_0760.jpg,"[1080, 1920]",modelv1.0__2025-04-08 07:16:25
C:/R_projects/mothz/beetle_image_stack\frame_0761.jpg,"[1080, 1920]",modelv1.0__2025-04-08 07:16:25
C:/R_projects/mothz/beetle_image_stack\frame_0762.jpg,"[1080, 1920]",modelv1.0__2025-04-08 07:16:25
C:/R_projects/mothz/beetle_image_stack\frame_0763.jpg,"[1080, 1920]",modelv1.0__2025-04-08 07:16:25
C:/R_projects/mothz/beetle_image_stack\frame_0764.jpg,"[1080, 1920]",modelv1.0__2025-04-08 07:16:25
C:/R_projects/mothz/beetle_image_stack\frame_0765.jpg,"[1080, 1920]",modelv1.0__2025-04-08 07:16:25
C:/R_projects/mothz/beetle_image_stack\frame_0766.jpg,"[1080, 1920]",modelv1.0__2025-04-08 07:16:25
C:/R_projects/mothz/beetle_image_stack\frame_0767.jpg,"[1080, 1920]",modelv1.0__2025-04-08 07:16:25
C:/R_projects/mothz/beetle_image_stack\frame_0768.jpg,"[1080, 1920]",modelv1.0__2025-04-08 07:16:25
C:/R_projects/mothz/beetle_image_stack\frame_0769.jpg,"[1080, 1920]",modelv1.0__2025-04-08 07:16:25
C:/R_projects/mothz/beetle_image_stack\frame_0770.jpg,"[1080, 1920]",modelv1.0__2025-04-08 07:16:25
C:/R_projects/mothz/beetle_image_stack\frame_0771.jpg,"[1080, 1920]",modelv1.0__2025-04-08 07:16:25
C:/R_projects/mothz/beetle_image_stack\frame_0772.jpg,"[1080, 1920]",modelv1.0__2025-04-08 07:16:25
C:/R_projects/mothz/beetle_image_stack\frame_0773.jpg,"[1080, 1920]",modelv1.0__2025-04-08 07:16:25
C:/R_projects/mothz/beetle_image_stack\frame_0774.jpg,"[1080, 1920]",modelv1.0__2025-04-08 07:16:25
C:/R_projects/mothz/beetle_image_stack\frame_0775.jpg,"[1080, 1920]",modelv1.0__2025-04-08 07:16:25
C:/R_projects/mothz/beetle_image_stack\frame_0776.jpg,"[1080, 1920]",modelv1.0__2025-04-08 07:16:25
C:/R_projects/mothz/beetle_image_stack\frame_0777.jpg,"[1080, 1920]",modelv1.0__2025-04-08 07:16:25
C:/R_projects/mothz/beetle_image_stack\frame_0778.jpg,"[1080, 1920]",modelv1.0__2025-04-08 07:16:25
C:/R_projects/mothz/beetle_image_stack\frame_0779.jpg,"[1080, 1920]",modelv1.0__2025-04-08 07:16:25
C:/R_projects/mothz/beetle_image_stack\frame_0780.jpg,"[1080, 1920]",modelv1.0__2025-04-08 07:16:25
C:/R_projects/mothz/beetle_image_stack\frame_0781.jpg,"[1080, 1920]",modelv1.0__2025-04-08 07:16:25
C:/R_projects/mothz/beetle_image_stack\frame_0782.jpg,"[1080, 1920]",modelv1.0__2025-04-08 07:16:25
C:/R_projects/mothz/beetle_image_stack\frame_0783.jpg,"[1080, 1920]",modelv1.0__2025-04-08 07:16:25
C:/R_projects/mothz/beetle_image_stack\frame_0784.jpg,"[1080, 1920]",modelv1.0__2025-04-08 07:16:25
C:/R_projects/mothz/beetle_image_stack\frame_0785.jpg,"[1080, 1920]",modelv1.0__2025-04-08 07:16:25
C:/R_projects/mothz/beetle_image_stack\frame_0786.jpg,"[1080, 1920]",modelv1.0__2025-04-08 07:16:25
C:/R_projects/mothz/beetle_image_stack\frame_0787.jpg,"[1080, 1920]",modelv1.0__2025-04-08 07:16:25
C:/R_projects/mothz/beetle_image_stack\frame_0788.jpg,"[1080, 1920]",modelv1.0__2025-04-08 07:16:25
C:/R_projects/mothz/beetle_image_stack\frame_0789.jpg,"[1080, 1920]",modelv1.0__2025-04-08 07:16:25
C:/R_projects/mothz/beetle_image_stack\frame_0790.jpg,"[1080, 1920]",modelv1.0__2025-04-08 07:16:25
C:/R_projects/mothz/beetle_image_stack\frame_0791.jpg,"[1080, 1920]",modelv1.0__2025-04-08 07:16:25
C:/R_projects/mothz/beetle_image_stack\frame_0792.jpg,"[1080, 1920]",modelv1.0__2025-04-08 07:16:25
C:/R_projects/mothz/beetle_image_stack\frame_0793.jpg,"[1080, 1920]",modelv1.0__2025-04-08 07:16:25
C:/R_projects/mothz/beetle_image_stack\frame_0794.jpg,"[1080, 1920]",modelv1.0__2025-04-08 07:16:25
C:/R_projects/mothz/beetle_image_stack\frame_0795.jpg,"[1080, 1920]",modelv1.0__2025-04-08 07:16:25
C:/R_projects/mothz/beetle_image_stack\frame_0796.jpg,"[1080, 1920]",modelv1.0__2025-04-08 07:16:25
C:/R_projects/mothz/beetle_image_stack\frame_0797.jpg,"[1080, 1920]",modelv1.0__2025-04-08 07:16:25
C:/R_projects/mothz/beetle_image_stack\frame_0798.jpg,"[1080, 1920]",modelv1.0__2025-04-08 07:16:25
C:/R_projects/mothz/beetle_image_stack\frame_0799.jpg,"[1080, 1920]",modelv1.0__2025-04-08 07:16:25
C:/R_projects/mothz/beetle_image_stack\frame_0800.jpg,"[1080, 1920]",modelv1.0__2025-04-08 07:16:25
C:/R_projects/mothz/beetle_image_stack\frame_0801.jpg,"[1080, 1920]",modelv1.0__2025-04-08 07:16:25
C:/R_projects/mothz/beetle_image_stack\frame_0802.jpg,"[1080, 1920]",modelv1.0__2025-04-08 07:16:25
C:/R_projects/mothz/beetle_image_stack\frame_0803.jpg,"[1080, 1920]",modelv1.0__2025-04-08 07:16:25
C:/R_projects/mothz/beetle_image_stack\frame_0804.jpg,"[1080, 1920]",modelv1.0__2025-04-08 07:16:25
C:/R_projects/mothz/beetle_image_stack\frame_0805.jpg,"[1080, 1920]",modelv1.0__2025-04-08 07:16:25
C:/R_projects/mothz/beetle_image_stack\frame_0806.jpg,"[1080, 1920]",modelv1.0__2025-04-08 07:16:25
C:/R_projects/mothz/beetle_image_stack\frame_0807.jpg,"[1080, 1920]",modelv1.0__2025-04-08 07:16:25
C:/R_projects/mothz/beetle_image_stack\frame_0808.jpg,"[1080, 1920]",modelv1.0__2025-04-08 07:16:25
C:/R_projects/mothz/beetle_image_stack\frame_0809.jpg,"[1080, 1920]",modelv1.0__2025-04-08 07:16:25
C:/R_projects/mothz/beetle_image_stack\frame_0810.jpg,"[1080, 1920]",modelv1.0__2025-04-08 07:16:25
C:/R_projects/mothz/beetle_image_stack\frame_0811.jpg,"[1080, 1920]",modelv1.0__2025-04-08 07:16:25
C:/R_projects/mothz/beetle_image_stack\frame_0812.jpg,"[1080, 1920]",modelv1.0__2025-04-08 07:16:25
C:/R_projects/mothz/beetle_image_stack\frame_0813.jpg,"[1080, 1920]",modelv1.0__2025-04-08 07:16:25
C:/R_projects/mothz/beetle_image_stack\frame_0814.jpg,"[1080, 1920]",modelv1.0__2025-04-08 07:16:25
C:/R_projects/mothz/beetle_image_stack\frame_0815.jpg,"[1080, 1920]",modelv1.0__2025-04-08 07:16:25
C:/R_projects/mothz/beetle_image_stack\frame_0816.jpg,"[1080, 1920]",modelv1.0__2025-04-08 07:16:25
C:/R_projects/mothz/beetle_image_stack\frame_0817.jpg,"[1080, 1920]",modelv1.0__2025-04-08 07:16:25
C:/R_projects/mothz/beetle_image_stack\frame_0818.jpg,"[1080, 1920]",modelv1.0__2025-04-08 07:16:25
C:/R_projects/mothz/beetle_image_stack\frame_0819.jpg,"[1080, 1920]",modelv1.0__2025-04-08 07:16:25
C:/R_projects/mothz/beetle_image_stack\frame_0820.jpg,"[1080, 1920]",modelv1.0__2025-04-08 07:16:25
C:/R_projects/mothz/beetle_image_stack\frame_0821.jpg,"[1080, 1920]",modelv1.0__2025-04-08 07:16:25
C:/R_projects/mothz/beetle_image_stack\frame_0822.jpg,"[1080, 1920]",modelv1.0__2025-04-08 07:16:25
C:/R_projects/mothz/beetle_image_stack\frame_0823.jpg,"[1080, 1920]",modelv1.0__2025-04-08 07:16:25
C:/R_projects/mothz/beetle_image_stack\frame_0824.jpg,"[1080, 1920]",modelv1.0__2025-04-08 07:16:25
C:/R_projects/mothz/beetle_image_stack\frame_0825.jpg,"[1080, 1920]",modelv1.0__2025-04-08 07:16:25
C:/R_projects/mothz/beetle_image_stack\frame_0826.jpg,"[1080, 1920]",modelv1.0__2025-04-08 07:16:25
C:/R_projects/mothz/beetle_image_stack\frame_0827.jpg,"[1080, 1920]",modelv1.0__2025-04-08 07:16:25
C:/R_projects/mothz/beetle_image_stack\frame_0828.jpg,"[1080, 1920]",modelv1.0__2025-04-08 07:16:25
C:/R_projects/mothz/beetle_image_stack\frame_0829.jpg,"[1080, 1920]",modelv1.0__2025-04-08 07:16:25
C:/R_projects/mothz/beetle_image_stack\frame_0830.jpg,"[1080, 1920]",modelv1.0__2025-04-08 07:16:25
C:/R_projects/mothz/beetle_image_stack\frame_0831.jpg,"[1080, 1920]",modelv1.0__2025-04-08 07:16:25
C:/R_projects/mothz/beetle_image_stack\frame_0832.jpg,"[1080, 1920]",modelv1.0__2025-04-08 07:16:25
C:/R_projects/mothz/beetle_image_stack\frame_0833.jpg,"[1080, 1920]",modelv1.0__2025-04-08 07:16:25
C:/R_projects/mothz/beetle_image_stack\frame_0834.jpg,"[1080, 1920]",modelv1.0__2025-04-08 07:16:25
C:/R_projects/mothz/beetle_image_stack\frame_0835.jpg,"[1080, 1920]",modelv1.0__2025-04-08 07:16:25
C:/R_projects/mothz/beetle_image_stack\frame_0836.jpg,"[1080, 1920]",modelv1.0__2025-04-08 07:16:25
C:/R_projects/mothz/beetle_image_stack\frame_0837.jpg,"[1080, 1920]",modelv1.0__2025-04-08 07:16:25
C:/R_projects/mothz/beetle_image_stack\frame_0838.jpg,"[1080, 1920]",modelv1.0__2025-04-08 07:16:25
C:/R_projects/mothz/beetle_image_stack\frame_0839.jpg,"[1080, 1920]",modelv1.0__2025-04-08 07:16:25
C:/R_projects/mothz/beetle_image_stack\frame_0840.jpg,"[1080, 1920]",modelv1.0__2025-04-08 07:16:25
C:/R_projects/mothz/beetle_image_stack\frame_0841.jpg,"[1080, 1920]",modelv1.0__2025-04-08 07:16:25
C:/R_projects/mothz/beetle_image_stack\frame_0842.jpg,"[1080, 1920]",modelv1.0__2025-04-08 07:16:25
C:/R_projects/mothz/beetle_image_stack\frame_0843.jpg,"[1080, 1920]",modelv1.0__2025-04-08 07:16:25
C:/R_projects/mothz/beetle_image_stack\frame_0844.jpg,"[1080, 1920]",modelv1.0__2025-04-08 07:16:25
C:/R_projects/mothz/beetle_image_stack\frame_0845.jpg,"[1080, 1920]",modelv1.0__2025-04-08 07:16:25
C:/R_projects/mothz/beetle_image_stack\frame_0846.jpg,"[1080, 1920]",modelv1.0__2025-04-08 07:16:25
C:/R_projects/mothz/beetle_image_stack\frame_0847.jpg,"[1080, 1920]",modelv1.0__2025-04-08 07:16:25
C:/R_projects/mothz/beetle_image_stack\frame_0848.jpg,"[1080, 1920]",modelv1.0__2025-04-08 07:16:25
C:/R_projects/mothz/beetle_image_stack\frame_0849.jpg,"[1080, 1920]",modelv1.0__2025-04-08 07:16:25
C:/R_projects/mothz/beetle_image_stack\frame_0850.jpg,"[1080, 1920]",modelv1.0__2025-04-08 07:16:25
C:/R_projects/mothz/beetle_image_stack\frame_0851.jpg,"[1080, 1920]",modelv1.0__2025-04-08 07:16:25
C:/R_projects/mothz/beetle_image_stack\frame_0852.jpg,"[1080, 1920]",modelv1.0__2025-04-08 07:16:25
C:/R_projects/mothz/beetle_image_stack\frame_0853.jpg,"[1080, 1920]",modelv1.0__2025-04-08 07:16:25
C:/R_projects/mothz/beetle_image_stack\frame_0854.jpg,"[1080, 1920]",modelv1.0__2025-04-08 07:16:25
C:/R_projects/mothz/beetle_image_stack\frame_0855.jpg,"[1080, 1920]",modelv1.0__2025-04-08 07:16:25
C:/R_projects/mothz/beetle_image_stack\frame_0856.jpg,"[1080, 1920]",modelv1.0__2025-04-08 07:16:25
C:/R_projects/mothz/beetle_image_stack\frame_0857.jpg,"[1080, 1920]",modelv1.0__2025-04-08 07:16:25
C:/R_projects/mothz/beetle_image_stack\frame_0858.jpg,"[1080, 1920]",modelv1.0__2025-04-08 07:16:25
C:/R_projects/mothz/beetle_image_stack\frame_0859.jpg,"[1080, 1920]",modelv1.0__2025-04-08 07:16:25
C:/R_projects/mothz/beetle_image_stack\frame_0860.jpg,"[1080, 1920]",modelv1.0__2025-04-08 07:16:25
C:/R_projects/mothz/beetle_image_stack\frame_0861.jpg,"[1080, 1920]",modelv1.0__2025-04-08 07:16:25
C:/R_projects/mothz/beetle_image_stack\frame_0862.jpg,"[1080, 1920]",modelv1.0__2025-04-08 07:16:25
C:/R_projects/mothz/beetle_image_stack\frame_0863.jpg,"[1080, 1920]",modelv1.0__2025-04-08 07:16:25
C:/R_projects/mothz/beetle_image_stack\frame_0864.jpg,"[1080, 1920]",modelv1.0__2025-04-08 07:16:25
C:/R_projects/mothz/beetle_image_stack\frame_0865.jpg,"[1080, 1920]",modelv1.0__2025-04-08 07:16:25
C:/R_projects/mothz/beetle_image_stack\frame_0866.jpg,"[1080, 1920]",modelv1.0__2025-04-08 07:16:25
C:/R_projects/mothz/beetle_image_stack\frame_0867.jpg,"[1080, 1920]",modelv1.0__2025-04-08 07:16:25
C:/R_projects/mothz/beetle_image_stack\frame_0868.jpg,"[1080, 1920]",modelv1.0__2025-04-08 07:16:25
C:/R_projects/mothz/beetle_image_stack\frame_0869.jpg,"[1080, 1920]",modelv1.0__2025-04-08 07:16:25
C:/R_projects/mothz/beetle_image_stack\frame_0870.jpg,"[1080, 1920]",modelv1.0__2025-04-08 07:16:25
C:/R_projects/mothz/beetle_image_stack\frame_0871.jpg,"[1080, 1920]",modelv1.0__2025-04-08 07:16:25
C:/R_projects/mothz/beetle_image_stack\frame_0872.jpg,"[1080, 1920]",modelv1.0__2025-04-08 07:16:25
C:/R_projects/mothz/beetle_image_stack\frame_0873.jpg,"[1080, 1920]",modelv1.0__2025-04-08 07:16:25
C:/R_projects/mothz/beetle_image_stack\frame_0874.jpg,"[1080, 1920]",modelv1.0__2025-04-08 07:16:25
C:/R_projects/mothz/beetle_image_stack\frame_0875.jpg,"[1080, 1920]",modelv1.0__2025-04-08 07:16:25
C:/R_projects/mothz/beetle_image_stack\frame_0876.jpg,"[1080, 1920]",modelv1.0__2025-04-08 07:16:25
C:/R_projects/mothz/beetle_image_stack\frame_0877.jpg,"[1080, 1920]",modelv1.0__2025-04-08 07:16:25
C:/R_projects/mothz/beetle_image_stack\frame_0878.jpg,"[1080, 1920]",modelv1.0__2025-04-08 07:16:25
C:/R_projects/mothz/beetle_image_stack\frame_0879.jpg,"[1080, 1920]",modelv1.0__2025-04-08 07:16:25
C:/R_projects/mothz/beetle_image_stack\frame_0880.jpg,"[1080, 1920]",modelv1.0__2025-04-08 07:16:25
C:/R_projects/mothz/beetle_image_stack\frame_0881.jpg,"[1080, 1920]",modelv1.0__2025-04-08 07:16:25
C:/R_projects/mothz/beetle_image_stack\frame_0882.jpg,"[1080, 1920]",modelv1.0__2025-04-08 07:16:25
C:/R_projects/mothz/beetle_image_stack\frame_0883.jpg,"[1080, 1920]",modelv1.0__2025-04-08 07:16:25
C:/R_projects/mothz/beetle_image_stack\frame_0884.jpg,"[1080, 1920]",modelv1.0__2025-04-08 07:16:25
C:/R_projects/mothz/beetle_image_stack\frame_0885.jpg,"[1080, 1920]",modelv1.0__2025-04-08 07:16:25
C:/R_projects/mothz/beetle_image_stack\frame_0886.jpg,"[1080, 1920]",modelv1.0__2025-04-08 07:16:25
C:/R_projects/mothz/beetle_image_stack\frame_0887.jpg,"[1080, 1920]",modelv1.0__2025-04-08 07:16:25
C:/R_projects/mothz/beetle_image_stack\frame_0888.jpg,"[1080, 1920]",modelv1.0__2025-04-08 07:16:25
C:/R_projects/mothz/beetle_image_stack\frame_0889.jpg,"[1080, 1920]",modelv1.0__2025-04-08 07:16:25
C:/R_projects/mothz/beetle_image_stack\frame_0890.jpg,"[1080, 1920]",modelv1.0__2025-04-08 07:16:25
C:/R_projects/mothz/beetle_image_stack\frame_0891.jpg,"[1080, 1920]",modelv1.0__2025-04-08 07:16:25
C:/R_projects/mothz/beetle_image_stack\frame_0892.jpg,"[1080, 1920]",modelv1.0__2025-04-08 07:16:25
C:/R_projects/mothz/beetle_image_stack\frame_0893.jpg,"[1080, 1920]",modelv1.0__2025-04-08 07:16:25
C:/R_projects/mothz/beetle_image_stack\frame_0894.jpg,"[1080, 1920]",modelv1.0__2025-04-08 07:16:25
C:/R_projects/mothz/beetle_image_stack\frame_0895.jpg,"[1080, 1920]",modelv1.0__2025-04-08 07:16:25
C:/R_projects/mothz/beetle_image_stack\frame_0896.jpg,"[1080, 1920]",modelv1.0__2025-04-08 07:16:25
C:/R_projects/mothz/beetle_image_stack\frame_0897.jpg,"[1080, 1920]",modelv1.0__2025-04-08 07:16:25
C:/R_projects/mothz/beetle_image_stack\frame_0898.jpg,"[1080, 1920]",modelv1.0__2025-04-08 07:16:25
C:/R_projects/mothz/beetle_image_stack\frame_0899.jpg,"[1080, 1920]",modelv1.0__2025-04-08 07:16:25
C:/R_projects/mothz/beetle_image_stack\frame_0900.jpg,"[1080, 1920]",modelv1.0__2025-04-08 07:16:25
C:/R_projects/mothz/beetle_image_stack\frame_0901.jpg,"[1080, 1920]",modelv1.0__2025-04-08 07:16:25
