order,superfamily,family,genus,sp,species,tip_lab
Coleoptera,Tenebrionoidea,Tenebrionidae,Tribolium,castaneum,Tribolium castaneum,Coleoptera_Tenebrionidae_Tenebrioninae_Tribolium_castaneum_TCAST
Diptera,Culicoidea,Culicidae,Anopheles,gambiae,Anopheles gambiae,Diptera_Culicidae_Anophelinae_Anopheles_gambiae
Diptera,Ephydroidea,Drosophilidae,Drosophila,melanogaster,Drosophila melanogaster,Diptera_Drosophilidae_Drosophilinae_Drosophila_melanogaster
Diptera,Oestroidea,Tachinidae,Triarthria,setipennis,Triarthria setipennis,Diptera_Tachinidae_Tachininae_Triarthria_setipennis
Lepidoptera,Adeloidea,Adelidae,Nemophora,degeerella,Nemophora degeerella,Adeloidea_Adelidae_Adelinae_Nemophora_degeerella_INShauTABRAAPEI__93
Lepidoptera,Adeloidea,Prodoxidae,Tegeticula,yuccasella,Tegeticula yuccasella,Adeloidea_Prodoxidae_Tegeticula_yuccasella_Tyu4
Lepidoptera,Agathiphagoidea,Agathiphagidae,Agathiphaga,queenslandensis,Agathiphaga queenslandensis,Agathiphagoidea_Agathiphagidae_Agathiphaga_queenslandensis_Aga3
Lepidoptera,Alucitoidea,Alucitidae,Alucita,desmodactyla,Alucita desmodactyla,Alucitoidea_Alucitidae_Alucita_desmodactyla_ANIsrmTAAORAAPEI__215
Lepidoptera,Andesianoidea,Andesianidae,Andesiana,lamellata,Andesiana lamellata,Andesianoidea_Andesianidae_Andesiana_lamellata_RINSinlTEARAAPEI__62
Lepidoptera,Bombycoidea,Apatelodidae,Apatelodes,pithala,Apatelodes pithala,Bombycoidea_Bombycidae_Apatelodes_pithala_FG120036B
Lepidoptera,Bombycoidea,Bombycidae,Bombyx,mori,Bombyx mori,Bombycoidea_Bombycidae_Bombyx_mori_BMORI
Lepidoptera,Bombycoidea,Bombycidae,Colla,micacea,Colla micacea,Bombycoidea_Bombycidae_Colla_sp_FG120013
Lepidoptera,Bombycoidea,Brahmaeidae,Brahmaea,hearseyi,Brahmaea hearseyi,Bombycoidea_Brahmaeidae_Brahmaea_hearseyi_RINSinlTDQRAAPEI__35
Lepidoptera,Bombycoidea,Endromidae,Mustilizans,dierli,Mustilizans dierli,Bombycoidea_Endromidae_Mustilizans_dierli_RINSinlTDURAAPEI__43
Lepidoptera,Bombycoidea,Eupterotidae,Eupterote,muluana,Eupterote muluana,Bombycoidea_Eupterotidae_Eupterotinae_Eupterote_muluana_SW13020T
Lepidoptera,Bombycoidea,Eupterotidae,Ganisa,similis,Ganisa similis,Bombycoidea_Eupterotidae_Eupterotinae_Ganisa_similis_RINSinlTDMRAAPEI__136
Lepidoptera,Bombycoidea,Saturniidae,Actias,luna,Actias luna,Bombycoidea_Saturniidae_Saturniinae_Actias_luna_acti2
Lepidoptera,Bombycoidea,Saturniidae,Attacus,atlas,Attacus atlas,Bombycoidea_Saturniidae_Saturniinae_Attacus_atlas_Attac
Lepidoptera,Bombycoidea,Saturniidae,Eacles,sp.,Eacles sp.,Bombycoidea_Saturniidae_Ceratocampinae_Eacles_sp_FG120096B
Lepidoptera,Bombycoidea,Saturniidae,Hemileuca,maia,Hemileuca maia,Bombycoidea_Sphingidae_Hemileucinae_Hemileuca_maia_BuckH
Lepidoptera,Bombycoidea,Saturniidae,Saturnia,pyri,Saturnia pyri,Bombycoidea_Saturniidae_Saturniinae_Saturnia_pyri_INShkeTACRAAPEI__87
Lepidoptera,Bombycoidea,Saturniidae,Therinia,lactucina,Therinia lactucina,Bombycoidea_Saturniidae_Oxyteninae_Therinia_lactucina_FG120016
Lepidoptera,Bombycoidea,Sphingidae,Adhemarius,daphne,Adhemarius daphne,Bombycoidea_Sphingidae_Smerinthinae_Adhemarius_daphne_FG120049B
Lepidoptera,Bombycoidea,Sphingidae,Ceratomia,undulosa,Ceratomia undulosa,Bombycoidea_Sphingidae_Sphinginae_Ceratomia_undulosa_cunda3
Lepidoptera,Bombycoidea,Sphingidae,Darapsa,myron,Darapsa myron,Bombycoidea_Sphingidae_Macroglossinae_Darapsa_myron_Dara
Lepidoptera,Bombycoidea,Sphingidae,Enyo,lugubris,Enyo lugubris,Bombycoidea_Sphingidae_Macroglossinae_Enyo_lugubris_elug1
Lepidoptera,Bombycoidea,Sphingidae,Hemaris,diffinis,Hemaris diffinis,Bombycoidea_Sphingidae_Macroglossinae_Hemaris_diffinis_HEMA2
Lepidoptera,Bombycoidea,Sphingidae,Hyles,euphorbiae,Hyles euphorbiae,Bombycoidea_Sphingidae_Macroglossinae_Hyles_euphorbiae_INSinlTAYRAAPEI__56
Lepidoptera,Bombycoidea,Sphingidae,Macroglossum,pyrrhosticta,Macroglossum pyrrhosticta,Bombycoidea_Sphingidae_Macroglossinae_Macroglossum_pyrrhosticta_MacrH
Lepidoptera,Bombycoidea,Sphingidae,Manduca,sexta,Manduca sexta,Bombycoidea_Sphingidae_Sphinginae_Manduca_sexta
Lepidoptera,Bombycoidea,Sphingidae,Parum,colligata,Parum colligata,Bombycoidea_Sphingidae_Smerinthinae_Parum_colligata_V005T
Lepidoptera,Bombycoidea,Sphingidae,Smerinthus,saliceti,Smerinthus saliceti,Bombycoidea_Sphingidae_Smerinthinae_Smerinthus_saliceti_AZ130010T
Lepidoptera,Bombycoidea,Sphingidae,Sphinx,pinastri,Sphinx pinastri,Bombycoidea_Sphingidae_Sphinginae_Sphinx_pinastri_INShauTAZRAAPEI__20
Lepidoptera,Bombycoidea,Sphingidae,Xylophanes,tersa,Xylophanes tersa,Bombycoidea_Sphingidae_Macroglossinae_Xylophanes_tersa_Xter2
Lepidoptera,Calliduloidea,Callidulidae,Pterodecta,felderi,Pterodecta felderi,Calliduloidea_Callidulidae_Callidulinae_Pterodecta_felderi_INSerlTABRAAPEI__84
Lepidoptera,Choreutoidea,Choreutidae,Hemerophila,diva,Hemerophila diva,Choreutoidea_Choreutidae_Choreutinae_Hemerophila_diva_Cor5
Lepidoptera,Cossoidea,Cossidae,Archaeoses,polygrapha,Archaeoses polygrapha,Cossoidea_Cossidae_Archaeoses_polygrapha_Arc
Lepidoptera,Cossoidea,Cossidae,Culama,sp.,Culama sp.,Cossoidea_Cossidae_Cossinae_Culama_sp_Cul2
Lepidoptera,Cossoidea,Cossidae,Givira,mucida,Givira mucida,Cossoidea_Cossidae_Hypoptinae_Givira_mucida_Giv2
Lepidoptera,Cossoidea,Cossidae,Morpheis,pyracmon,Morpheis pyracmon,Cossoidea_Cossidae_Zeuzerinae_Morpheis_pyracmon_INSerlTAQRAAPEI__118
Lepidoptera,Cossoidea,Cossidae,Prionoxystus,robiniae,Prionoxystus robiniae,Cossoidea_Cossidae_Cossinae_Prionoxystus_robiniae_Prob2
Lepidoptera,Cossoidea,Cossidae,Psychonoctua,personalis,Psychonoctua personalis,Cossoidea_Cossidae_Zeuzerinae_Psychonoctua_personalis_Ppr2
Lepidoptera,Cossoidea,Cossidae,Spinulata,maruga,Spinulata maruga,Cossoidea_Cossidae_Cossulinae_Spinulata_maruga_Mar
Lepidoptera,Drepanoidea,Cimeliidae,Axia,margarita,Axia margarita,Drepanoidea_Cimeliidae_Axia_margarita_Ax
Lepidoptera,Drepanoidea,Doidae,Doa,sp.,Doa sp.,Drepanoidea_Doidae_Doa_sp_Do2
Lepidoptera,Drepanoidea,Drepanidae,Cyclidia,substigmaria,Cyclidia substigmaria,Drepanoidea_Drepanidae_Cyclidiinae_Cyclidia_substigmaria_Dcy
Lepidoptera,Drepanoidea,Drepanidae,Macrauzata,submontana,Macrauzata submontana,Drepanoidea_Drepanidae_Drepaninae_Macrauzata_submontana_RINSinlTDPRAAPEI__34
Lepidoptera,Drepanoidea,Drepanidae,Pseudothyatira,cymatophoroides,Pseudothyatira cymatophoroides,Drepanoidea_Drepanidae_Thyatirinae_Pseudothyatira_cymatophoroides_Pc
Lepidoptera,Drepanoidea,Drepanidae,Thyatira,batis,Thyatira batis,Drepanoidea_Drepanidae_Thyatirinae_Thyatira_batis_INSnfrTBCRAAPEI__17
Lepidoptera,Drepanoidea,Drepanidae,Tridrepana,flava,Tridrepana flava,Drepanoidea_Drepanidae_Drepaninae_Tridrepana_flava_SW130064
Lepidoptera,Eriocranioidea,Eriocraniidae,Dyseriocrania,subpurpurella,Dyseriocrania subpurpurella,Eriocranioidea_Eriocraniidae_Dyseriocrania_subpurpurella_INSbusTBDRAAPEI__79
Lepidoptera,Gelechioidea,Autostichidae,Autosticha,sp.,Autosticha sp.,Gelechioidea_Autostichidae_Autostichinae_Autosticha_sp_RINSinlTDTRAAPEI__41
Lepidoptera,Gelechioidea,Cosmopterigidae,Hyposmocoma,kahamanoa,Hyposmocoma kahamanoa,Gelechioidea_Cosmopterigidae_Cosmopteriginae_Hyposmocoma_kahamanoa_RINysjTAAABRAAPEI__215
Lepidoptera,Gelechioidea,Depressariidae,Antaeotricha,schlaegeri,Antaeotricha schlaegeri,Gelechioidea_Depressariidae_Stenomatinae_Antaeotricha_schlaegeri_Ant
Lepidoptera,Gelechioidea,Depressariidae,Psilocorsis,reflexella,Psilocorsis reflexella,Gelechioidea_Depressariidae_Psilocorsis_reflexella_Psi
Lepidoptera,Gelechioidea,Gelechiidae,Dichomeris,punctidiscella,Dichomeris punctidiscella,Gelechioidea_Gelechiidae_Dichomeridinae_Dichomeris_punctidiscella_Dch
Lepidoptera,Gelechioidea,Gelechiidae,Tuta,absoluta,Tuta absoluta,Gelechioidea_Gelechiidae_Gelechiinae_Tuta_absoluta
Lepidoptera,Geometroidea,Epicopeiidae,Epicopeia,hainseii,Epicopeia hainseii,Geometroidea_Epicopeiidae_Epicopeia_hainseii_Epc3
Lepidoptera,Geometroidea,Geometridae,Biston,betularia,Biston betularia,Geometroidea_Geometridae_Ennominae_Biston_betularia_Bb
Lepidoptera,Geometroidea,Geometridae,Chlorosea,margaretaria,Chlorosea margaretaria,Geometroidea_Geometridae_Geometrinae_Chlorosea_margaretaria_Chl
Lepidoptera,Geometroidea,Geometridae,Ectropis,obliqua,Ectropis obliqua,Geometroidea_Geometridae_Ennominae_Ectropis_obliqua
Lepidoptera,Geometroidea,Geometridae,Idaea,sp.,Idaea sp.,Geometroidea_Geometridae_Sterrhinae_Idaea_sp_Id
Lepidoptera,Geometroidea,Geometridae,Macaria,distribuaria,Macaria distribuaria,Geometroidea_Geometridae_Ennominae_Macaria_distribuaria_GNV120029
Lepidoptera,Geometroidea,Geometridae,Nemoria,lixaria,Nemoria lixaria,Geometroidea_Geometridae_Geometrinae_Nemoria_lixaria_GNV120032
Lepidoptera,Geometroidea,Geometridae,Operophtera,brumata,Operophtera brumata,Geometroidea_Geometridae_Larentiinae_Operophtera_brumata
Lepidoptera,Geometroidea,Sematuridae,Mania,lunus,Mania lunus,Geometroidea_Sematuridae_Sematurinae_Mania_lunus_INSerlTAWRABPEI__19
Lepidoptera,Geometroidea,Uraniidae,Calledapteryx,dryopterata,Calledapteryx dryopterata,Geometroidea_Uraniidae_Epipleminae_Calledapteryx_dryopterata_Cal
Lepidoptera,Geometroidea,Uraniidae,Lyssa,zampa,Lyssa zampa,Geometroidea_Uraniidae_Uraniinae_Lyssa_zampa_RINSinlTDLRAAPEI__126
Lepidoptera,Gracillarioidea,Bucculatricidae,Bucculatrix,cristatella,Bucculatrix cristatella,Gracillarioidea_Bucculatricidae_Bucculatrix_cristatella_ANIsrmTAASRAAPEI__220
Lepidoptera,Gracillarioidea,Gracillariidae,Acrocercops,transecta,Acrocercops transecta,Gracillarioidea_Gracillariidae_Acrocercopinae_Acrocercops_transecta
Lepidoptera,Gracillarioidea,Gracillariidae,Caloptilia,triadicae,Caloptilia triadicae,Gracillarioidea_Gracillariidae_Gracillariinae_Caloptilia_triadicae_calo
Lepidoptera,Gracillarioidea,Gracillariidae,Cameraria,ohridella,Cameraria ohridella,Gracillarioidea_Gracillariidae_Lithocolletinae_Cameraria_ohridella_INSeqtTDMRAAPEI__95
Lepidoptera,Gracillarioidea,Gracillariidae,Philodoria,splendida,Philodoria splendida,Gracillarioidea_Gracillariidae_Ornixolinae_Philodoria_sp_CJ260
Lepidoptera,Gracillarioidea,Gracillariidae,Phyllocnistis,citrella,Phyllocnistis citrella,Gracillarioidea_Gracillariidae_Phyllocnistinae_Phyllocnistis_citrella_Pcit2
Lepidoptera,Gracillarioidea,Roeslerstammiidae,Amphithera,heteroleuca,Amphithera heteroleuca,Gracillarioidea_Roeslerstammiidae_Amphithera_heteroleuca_INSpmbTAHRAAPEI__206
Lepidoptera,Hepialoidea,Hepialidae,Cibyra,sp.,Cibyra sp.,Hepialoidea_Hepialidae_Cibyra_sp_FG120028B
Lepidoptera,Hepialoidea,Hepialidae,Phymatopus,californicus,Phymatopus californicus,Hepialoidea_Hepialidae_Phymatopus_californicus_Phm
Lepidoptera,Hepialoidea,Hepialidae,Triodia,sylvina,Triodia sylvina,Hepialoidea_Hepialidae_Triodia_sylvina_INSnfrTAVRAAPEI__9
Lepidoptera,Heterobathmioidea,Heterobathmiidae,Heterobathmia,sp.,Heterobathmia sp.,Heterobathmioidea_Heterobathmiidae_Heterobathmia_sp_Hsp
Lepidoptera,Immoidea,Immidae,Imma,tetrascia,Imma tetrascia,Immoidea_Immidae_Imma_tetrascia_Imm
Lepidoptera,Lasiocampoidea,Lasiocampidae,Artace,sp.,Artace sp.,Lasiocampoidea_Lasiocampidae_Macromphaliinae_Artace_sp_FG120070B
Lepidoptera,Lasiocampoidea,Lasiocampidae,Dendrolimus,pini,Dendrolimus pini,Lasiocampoidea_Lasiocampidae_Dendrolimus_pini_INSlupTBORAAPEI__36
Lepidoptera,Lasiocampoidea,Lasiocampidae,Tolype,notialis,Tolype notialis,Lasiocampoidea_Lasiocampidae_Macromphaliinae_Tolype_notialis_Tol
Lepidoptera,Lophocoronoidea,Lophocoronidae,Lophocorona,astiptica,Lophocorona astiptica,Lophocoronoidea_Lophocoronidae_Lophocorona_astipica_Loas
Lepidoptera,Micropterigoidea,Micropterigidae,Micropterix,calthella,Micropterix calthella,Micropterigoidea_Micropterigidae_Micropterix_calthella_Mica__N
Lepidoptera,Mimallonoidea,Mimallonidae,Lacosoma,chiridota,Lacosoma chiridota,Mimallonoidea_Mimallonidae_Lacosoma_chiridota_Mim
Lepidoptera,Mimallonoidea,Mimallonidae,Menevia,lantona,Menevia lantona,Mimallonoidea_Mimallonidae_Menevia_lantona_INSerlTBRRAAPEI__75
Lepidoptera,Neopseustoidea,Acanthopteroctetidae,Acanthopteroctetes,unifascia,Acanthopteroctetes unifascia,Neopseustoidea_Acanthopteroctetidae_Acanthopteroctetes_unifascia_Aca4
Lepidoptera,Neopseustoidea,Neopseustidae,Neopseustis,meyricki,Neopseustis meyricki,Neopseustoidea_Neopseustidae_Neopseustinae_Neopseustis_meyricki_RINSinlTEERAAPEI__79
Lepidoptera,Nepticuloidea,Nepticulidae,Enteucha,acetosae,Enteucha acetosae,Nepticuloidea_Nepticulidae_Nepticulinae_Enteucha_acetosae_Enac2
Lepidoptera,Nepticuloidea,Nepticulidae,Stigmella,atricapitella,Stigmella atricapitella,Nepticuloidea_Nepticulidae_Nepticulinae_Stigmella_atricapitella_ANIsrmTAAWRAAPEI__225
Lepidoptera,Nepticuloidea,Opostegidae,Pseudopostega,cf. quadristrigella,Pseudopostega cf. quadristrigella,Nepticuloidea_Opostegidae_Oposteginae_Pseudopostega_cf.quadristrigella_Pqd
Lepidoptera,Noctuoidea,Erebidae,Amata,phegea,Amata phegea,Noctuoidea_Erebidae_Arctiinae_Amata_phegea_INShauTAERAAPEI__8
Lepidoptera,Noctuoidea,Erebidae,Arctia,plantaginis,Arctia plantaginis,Noctuoidea_Erebidae_Arctiinae_Arctia_plantaginis_ERR1466856
Lepidoptera,Noctuoidea,Erebidae,Auriculoceryx,pterodactyliformis,Auriculoceryx pterodactyliformis,Noctuoidea_Erebidae_Arctiinae_Auriculoceryx_pterodactyliformis_RINSinlTDRRAAPEI__36
Lepidoptera,Noctuoidea,Erebidae,Eudocima,salaminia,Eudocima salaminia,Noctuoidea_Erebidae_Calpinae_Eudocima_salaminia_SW130232
Lepidoptera,Noctuoidea,Erebidae,Euproctis,chrysorrhoea,Euproctis chrysorrhoea,Noctuoidea_Erebidae_Lymantriinae_Euproctis_chrysorrhoea
Lepidoptera,Noctuoidea,Erebidae,Lymantria,dispar,Lymantria dispar,Noctuoidea_Erebidae_Lymantriinae_Lymantria_dispar_Ly3
Lepidoptera,Noctuoidea,Erebidae,Melese,sp.,Melese sp.,Noctuoidea_Erebidae_Arctiinae_Melese_sp_FG120095
Lepidoptera,Noctuoidea,Erebidae,Phragmatobia,fuliginosa,Phragmatobia fuliginosa,Noctuoidea_Erebidae_Arctiinae_Phragmatobia_fuliginosa_INShauTBDRAAPEI__31
Lepidoptera,Noctuoidea,Erebidae,Phyllodes,eyndhovii,Phyllodes eyndhovii,Noctuoidea_Erebidae_Calpinae_Phyllodes_eyndhovii_RINSinlTDNRAAPEI__171
Lepidoptera,Noctuoidea,Euteliidae,Anigraea,sp.,Anigraea sp.,Noctuoidea_Euteliidae_Anigraea_sp_SW130103
Lepidoptera,Noctuoidea,Noctuidae,Agrotis,infusa,Agrotis infusa,Noctuoidea_Noctuidae_Noctuinae_Agrotis_infusa_WHANIsrmTMATRAAPEI__46
Lepidoptera,Noctuoidea,Noctuidae,Amphipyra,pyramidea,Amphipyra pyramidea,Noctuoidea_Noctuidae_Amphipyrinae_Amphipyra_pyramidea_INShauTAVRAAPEI__16
Lepidoptera,Noctuoidea,Noctuidae,Helicoverpa,zea,Helicoverpa zea,Noctuoidea_Noctuidae_Heliothinae_Helicoverpa_zea_Hz2
Lepidoptera,Noctuoidea,Noctuidae,Heliothis,virescens,Heliothis virescens,Noctuoidea_Noctuidae_Heliothinae_Heliothis_virescens_Hv
Lepidoptera,Noctuoidea,Noctuidae,Mythimna,separata,Mythimna separata,Noctuoidea_Noctuidae_Noctuinae_Mythimna_separata
Lepidoptera,Noctuoidea,Noctuidae,Sesamia,inferens,Sesamia inferens,Noctuoidea_Noctuidae_Amphipyrinae_Sesamia_inferens
Lepidoptera,Noctuoidea,Noctuidae,Spodoptera,exigua,Spodoptera exigua,Noctuoidea_Noctuidae_Noctuinae_Spodoptera_exigua_Noctuoidea
Lepidoptera,Noctuoidea,Noctuidae,Spodoptera,frugiperda,Spodoptera frugiperda,Noctuoidea_Noctuidae_Noctuinae_Spodoptera_frugiperda
Lepidoptera,Noctuoidea,Noctuidae,Striacosta,albicosta,Striacosta albicosta,Noctuoidea_Noctuidae_Noctuinae_Striacosta_albicosta_Striacosta
Lepidoptera,Noctuoidea,Nolidae,Manoba,major,Manoba major,Noctuoidea_Nolidae_Nolinae_Manoba_major_SW130224
Lepidoptera,Noctuoidea,Notodontidae,Notoplusia,minuta,Notoplusia minuta,Noctuoidea_Notodontidae_Nystaleinae_Notoplusia_minuta_FG120015
Lepidoptera,Noctuoidea,Notodontidae,Pheosia,gnoma,Pheosia gnoma,Noctuoidea_Notodontidae_Notodontinae_Pheosia_gnoma_INSqiqTBHRAAPEI__71
Lepidoptera,Palaephatoidea,Palaephatidae,Metaphatus,ochraceus,Metaphatus ochraceus,Palaephatoidea_Palaephatidae_Metaphatus_ochraceus_Met4
Lepidoptera,Palaephatoidea,Palaephatidae,Palaephatus,luteolus,Palaephatus luteolus,Palaephatoidea_Palaephatidae_Palaephatus_luteolus_Pal
Lepidoptera,Palaephatoidea,Palaephatidae,Palaephatus,nielseni,Palaephatus nielseni,Palaephatoidea_Palaephatidae_Palaephatus_nielseni_Pro43D
Lepidoptera,Palaephatoidea,Palaephatidae,Ptyssoptera,sp.,Ptyssoptera sp.,Palaephatoidea_Palaephatidae_Ptyssoptera_sp_Ptys
Lepidoptera,Papilionoidea,Hedylidae,Macrosoma,hedylaria,Macrosoma hedylaria,Papilionoidea_Hedylidae_Macrosoma_sp_FG120122
Lepidoptera,Papilionoidea,Hedylidae,Macrosoma,sp.,Macrosoma sp.,Papilionoidea_Hedylidae_Macrosoma_sp_RINSinlTEBRAAPEI__71
Lepidoptera,Papilionoidea,Hesperiidae,Hylephila,phyleus,Hylephila phyleus,Papilionoidea_Hesperiidae_Hesperiinae_Hylephila_phyleus_GNV120020
Lepidoptera,Papilionoidea,Hesperiidae,Lerema,accius,Lerema accius,Papilionoidea_Hesperiidae_Hesperiinae_Lerema_accius
Lepidoptera,Papilionoidea,Hesperiidae,Megathymus,yuccae,Megathymus yuccae,Papilionoidea_Hesperiidae_Megathyminae_Megathymus_yuccae_GNV139000
Lepidoptera,Papilionoidea,Hesperiidae,Thymelicus,sylvestris,Thymelicus sylvestris,Papilionoidea_Hesperiidae_Hesperiinae_Thymelicus_sylvestris
Lepidoptera,Papilionoidea,Hesperiidae,Urbanus,proteus,Urbanus proteus,Papilionoidea_Hesperiidae_Eudamiinae_Urbanus_proteus_INSerlTBFRAAPEI__36
Lepidoptera,Papilionoidea,Lycaenidae,Calycopis,cecrops,Calycopis cecrops,Papilionoidea_Lycaenidae_Theclinae_Calycopis_cecrops_Papilionoidea
Lepidoptera,Papilionoidea,Lycaenidae,Cigaritis,takanonis,Cigaritis takanonis,Papilionoidea_Lycaenidae_Aphnaeinae_Cigaritis_takanonis_Papilionoidea
Lepidoptera,Papilionoidea,Lycaenidae,Hemiargus,ceraunus,Hemiargus ceraunus,Papilionoidea_Lycaenidae_Polyommatinae_Hemiargus_ceraunus_GNV120025
Lepidoptera,Papilionoidea,Lycaenidae,Polyommatus,icarus,Polyommatus icarus,Papilionoidea_Lycaenidae_Polyommatinae_Polyommatus_icarus_INShauTBGRAAPEI__35
Lepidoptera,Papilionoidea,Nymphalidae,Bicyclus,anynana,Bicyclus anynana,Papilionoidea_Nymphalidae_Satyrinae_Bicyclus_anynana_INShkeTATRAAPEI__56
Lepidoptera,Papilionoidea,Nymphalidae,Danaus,plexippus,Danaus plexippus,Papilionoidea_Nymphalidae_Danainae_Danaus_plexippus_DPLEX
Lepidoptera,Papilionoidea,Nymphalidae,Heliconius,melpomene,Heliconius melpomene,Papilionoidea_Nymphalidae_Heliconiinae_Heliconius_melpomene_Papilionoidea
Lepidoptera,Papilionoidea,Nymphalidae,Junonia,coenia,Junonia coenia,Papilionoidea_Nymphalidae_Nymphalinae_Junonia_coenia
Lepidoptera,Papilionoidea,Nymphalidae,Maniola,jurtina,Maniola jurtina,Papilionoidea_Nymphalidae_Satyrinae_Maniola_jurtina
Lepidoptera,Papilionoidea,Nymphalidae,Melitaea,cinxia,Melitaea cinxia,Papilionoidea_Nymphalidae_Nymphalinae_Melitaea_cinxia
Lepidoptera,Papilionoidea,Nymphalidae,Pararge,aegeria,Pararge aegeria,Papilionoidea_Nymphalidae_Satyrinae_Pararge_aegeria_INSfrgTADRAAPEI__22
Lepidoptera,Papilionoidea,Nymphalidae,Polygonia,c-album,Polygonia c-album,Papilionoidea_Nymphalidae_Nymphalinae_Polygonia_c_album_INSfrgTAJRAAPEI__20
Lepidoptera,Papilionoidea,Papilionidae,Luehdorfia,chinensis,Luehdorfia chinensis,Papilionoidea_Papilionidae_Parnassiinae_Luehdorfia_chinensis
Lepidoptera,Papilionoidea,Papilionidae,Papilio,machaon,Papilio machaon,Papilionoidea_Papilionidae_Papilioninae_Papilio_machaon_Papilionoidea
Lepidoptera,Papilionoidea,Papilionidae,Papilio,glaucus,Papilio glaucus,Papilionoidea_Papilionidae_Papilioninae_Papilio_glaucus_SRR850324
Lepidoptera,Papilionoidea,Papilionidae,Parides,eurimedes,Parides eurimedes,Papilionoidea_Papilionidae_Papilioninae_Parides_eurimedes_INSjdsTAJRAAPEI__36
Lepidoptera,Papilionoidea,Pieridae,Anthocharis,cardamines,Anthocharis cardamines,Papilionoidea_Pieridae_Pierinae_Anthocharis_cardamines_INSnfrTAYRAAPEI__13
Lepidoptera,Papilionoidea,Pieridae,Ascia,monuste,Ascia monuste,Papilionoidea_Pieridae_Pierinae_Ascia_monuste_BRF140001
Lepidoptera,Papilionoidea,Pieridae,Colias,croceus,Colias croceus,Papilionoidea_Pieridae_Coliadinae_Colias_croceus_INShkeTBFRAAPEI__79
Lepidoptera,Papilionoidea,Pieridae,Hebomoia,glaucippe,Hebomoia glaucippe,Papilionoidea_Pieridae_Pierinae_Hebomoia_glaucippe_BRF140003
Lepidoptera,Papilionoidea,Pieridae,Phoebis,sennae,Phoebis sennae,Papilionoidea_Pieridae_Coliadinae_Phoebis_sennae
Lepidoptera,Papilionoidea,Riodinidae,Mycastor,nealces,Mycastor nealces,Papilionoidea_Riodinidae_Riodininae_Mycastor_nealces_INSerlTBMRAAPEI__57
Lepidoptera,Papilionoidea,Riodinidae,Semomesia,capanea,Semomesia capanea,Papilionoidea_Riodinidae_Riodininae_Semomesia_capanea_FG120077
Lepidoptera,Pterophoroidea,Pterophoridae,Emmelina,monodactyla,Emmelina monodactyla,Pterophoroidea_Pterophoridae_Pterophorinae_Emmelina_monodactyla_Emm
Lepidoptera,Pterophoroidea,Pterophoridae,Lantanophaga,pusillidactyla,Lantanophaga pusillidactyla,Pterophoroidea_Pterophoridae_Pterophorinae_Lantanophaga_pusillidactyla_GNV120027
Lepidoptera,Pterophoroidea,Pterophoridae,Pterophorus,pentadactyla,Pterophorus pentadactyla,Pterophoroidea_Pterophoridae_Pterophorinae_Pterophorus_pentadactyla_INSlupTBTRAAPEI__44
Lepidoptera,Pyraloidea,Crambidae,Catoptria,oregonicus,Catoptria oregonicus,Pyraloidea_Crambidae_Crambinae_Catoptria_oregonicus_Cr4
Lepidoptera,Pyraloidea,Crambidae,Catoptria,falsella,Catoptria falsella,Pyraloidea_Crambidae_Crambinae_Catoptria_falsella_INSlupTAXRAAPEI__11
Lepidoptera,Pyraloidea,Crambidae,Chilo,suppressalis,Chilo suppressalis,Pyraloidea_Crambidae_Crambinae_Chilo_suppressalis
Lepidoptera,Pyraloidea,Crambidae,Cirrhochrista,sp.,Cirrhochrista sp.,Pyraloidea_Crambidae_Spilomelinae_Cirrhochrista_sp_RINSinlTDSRAAPEI__37
Lepidoptera,Pyraloidea,Crambidae,Cnaphalocrocis,medinalis,Cnaphalocrocis medinalis,Pyraloidea_Crambidae_Spilomelinae_Cnaphalocrocis_medinalis_SRR64791
Lepidoptera,Pyraloidea,Crambidae,Myelobia,sp.,Myelobia sp.,Pyraloidea_Crambidae_Crambinae_Myelobia_sp_FG120071B
Lepidoptera,Pyraloidea,Crambidae,Spilomela,sp.,Spilomela sp.,Pyraloidea_Pyralidae_Spilomelinae_Spilomela_sp_INSerlTAIRAAPEI__75
Lepidoptera,Pyraloidea,Pyralidae,Amyelois,transitella,Amyelois transitella,Pyraloidea_Pyralidae_Amyelois_transitella_Pyraloidea
Lepidoptera,Pyraloidea,Pyralidae,Galleria,melonella,Galleria melonella,Pyraloidea_Pyralidae_Galleriinae_Galleria_melonella_Gal
Lepidoptera,Pyraloidea,Pyralidae,Plodia,interpunctella,Plodia interpunctella,Pyraloidea_Pyralidae_Phycitinae_Plodia_interpunctella
Lepidoptera,Sesioidea,Castniidae,Synemon,plana,Synemon plana,Sesioidea_Castniidae_Castniinae_Synemon_plana_Cul
Lepidoptera,Sesioidea,Castniidae,Telchin,licus,Telchin licus,Sesioidea_Castniidae_Castniinae_Telchin_licus_SRR1204999
Lepidoptera,Sesioidea,Sesiidae,Bembecia,ichneumoniformis,Bembecia ichneumoniformis,Sesioidea_Sesiidae_Sesiinae_Bembecia_ichneumoniformis_INSlupTBGRAAPEI__20
Lepidoptera,Sesioidea,Sesiidae,Podosesia,syringae,Podosesia syringae,Sesioidea_Sesiidae_Sesiinae_Podosesia_syringae_Podo
Lepidoptera,Sesioidea,Sesiidae,Vitacea,polistiformis,Vitacea polistiformis,Sesioidea_Sesiidae_Sesiinae_Vitacea_polistiformis_Vit
Lepidoptera,Thyridoidea,Thyrididae,Canaea,sp.,Canaea sp.,Thyridoidea_Thyrididae_Canaea_sp_RINSinlTDVRAAPEI__44
Lepidoptera,Thyridoidea,Thyrididae,Pseudothyris,sepulchralis,Pseudothyris sepulchralis,Thyridoidea_Thyrididae_Pseudothyris_sepulchralis_GNV139006
Lepidoptera,Thyridoidea,Thyrididae,Striglina,suzukii,Striglina suzukii,Thyridoidea_Thyrididae_Striglinae_Striglina_suzukii_Ssk
Lepidoptera,Thyridoidea,Thyrididae,Zeuzerodes,maculata,Zeuzerodes maculata,Thyridoidea_Thyrididae_Siculodinae_Zeuzerodes_maculata_FG120079
Lepidoptera,Tineoidea,Dryadaulidae,Dryadaula,visaliella,Dryadaula visaliella,Tineoidea_Dryadaulidae_Dryadaula_visaliella_Dry
Lepidoptera,Tineoidea,Meessiidae,Eudarcia,simulatricella,Eudarcia simulatricella,Tineoidea_Meessiidae_Meessiinae_Eudarcia_simulatricella_Euds
Lepidoptera,Tineoidea,Psychidae,Thyridopteryx,ephemeraeformis,Thyridopteryx ephemeraeformis,Tineoidea_Psychidae_Oiketicinae_Thyridopteryx_ephemeraeformis_Tep2
Lepidoptera,Tineoidea,Tineidae,Harmaclona,sp.,Harmaclona sp.,Tineoidea_Tineidae_Harmacloninae_Harmaclona_sp_RINSinlTDYRAAPEI__57
Lepidoptera,Tineoidea,Tineidae,Tineola,bisselliella,Tineola bisselliella,Tineoidea_Tineidae_Tineinae_Tineola_bisselliella_INSswpTACRAAPEI__13
Lepidoptera,Tischerioidea,Tischeriidae,Coptotriche,citrinipennella,Coptotriche citrinipennella,Tischerioidea_Tischeriidae_Coptotriche_citrinipennella_INSpmbTAIRAAPEI__207
Lepidoptera,Tischerioidea,Tischeriidae,Tischeria,quercitella,Tischeria quercitella,Tischerioidea_Tischeriidae_Tischeria_quercitella_Ts2
Lepidoptera,Tortricoidea,Tortricidae,Cydia,pomonella,Cydia pomonella,Tortricoidea_Tortricidae_Olethreutinae_Cydia_pomonella_Cyd
Lepidoptera,Tortricoidea,Tortricidae,Grapholita,dimorpha,Grapholita dimorpha,Tortricoidea_Tortricidae_Olethreutinae_Grapholita_dimorpha_SRR803483
Lepidoptera,Tortricoidea,Tortricidae,Phaecasiophora,niveiguttana,Phaecasiophora niveiguttana,Tortricoidea_Tortricidae_Olethreutinae_Phaecasiophora_niveiguttana_Cro
Lepidoptera,Urodoidea,Urodidae,Urodus,decens,Urodus decens,Urodoidea_Urodidae_Urodus_decens_Ur2
Lepidoptera,Yponomeutoidea,Lyonetiidae,Leucoptera,coffeella,Leucoptera coffeella,Yponomeutoidea_Lyonetiidae_Cemiostominae_Leucoptera_coffeella_RINysjTAAAARAAPEI__214
Lepidoptera,Yponomeutoidea,Plutellidae,Plutella,xylostella,Plutella xylostella,Yponomeutoidea_Plutellidae_Plutella_xylostella
Lepidoptera,Yponomeutoidea,Yponomeutidae,Yponomeuta,evonymellus,Yponomeuta evonymellus,Yponomeutoidea_Yponomeutidae_Yponomeutinae_Yponomeuta_evonymellus_INShauTBFRAAPEI__34
Lepidoptera,Zygaenoidea,Dalceridae,Dalcera,abrasa,Dalcera abrasa,Zygaenoidea_Dalceridae_Dalcerinae_Dalcera_abrasa_FG120035
Lepidoptera,Zygaenoidea,Lacturidae,Lactura,subfervens,Lactura subfervens,Zygaenoidea_Lacturidae_Lactura_subfervens_Sub
Lepidoptera,Zygaenoidea,Limacodidae,Demonarosa,rufotessellata,Demonarosa rufotessellata,Zygaenoidea_Limacodidae_Demonarosa_rufotessellata_RINSinlTDXRAAPEI__56
Lepidoptera,Zygaenoidea,Megalopygidae,Megalopyge,crispata,Megalopyge crispata,Zygaenoidea_Megalopygidae_Megalopyge_crispata_Lag
Lepidoptera,Zygaenoidea,Megalopygidae,Trosia,sp.,Trosia sp.,Zygaenoidea_Megalopygidae_Trosia_sp_INSerlTAFRAAPEI__62
Lepidoptera,Zygaenoidea,Zygaenidae,Zygaena,fausta,Zygaena fausta,Zygaenoidea_Zygaenidae_Zygaeninae_Zygaena_fausta_INSjdsTAWRAAPEI__39
Mecoptera,N/A,Bittacidae,Bittacus,pilicornis,Bittacus pilicornis,Mecoptera_Bittacidae_Bittacus_pilicornis_
Mecoptera,N/A,Boreidae,Boreus,hyemalis,Boreus hyemalis,Mecoptera_Boreidae_Boreus_hyemalis
Siphonaptera,Ceratophylloidea,Ceratophyllidae,Ceratophyllus,gallinae,Ceratophyllus gallinae,Siphonaptera_Ceratophyllidae_Ceratophyllinae_Ceratophyllus_gallinae
Siphonaptera,Pulicoidea,Pulicidae,Ctenocephalides,felis,Ctenocephalides felis,Siphonaptera_Pulicidae_Archaeopsyllini_Ctenocephalides_felis
Trichoptera,Hydropsychoidea,Hydropsychidae,Arctopsyche,palpata,Arctopsyche palpata,Trichoptera_Hydropsychidae_Arctopsychinae_Arctopsyche_palpata
Trichoptera,Hydroptiloidea,Hydroptilidae,Palaeagapetus,nearcticus,Palaeagapetus nearcticus,Trichoptera_Hydroptilidae_Ptilocolepinae_Palaeagapetus_nearcticus_RINSramTAARAAPEI__209_zz
Trichoptera,Leptoceroidea,Leptoceridae,Nectopsyche,candida,Nectopsyche candida,Trichoptera_Leptoceridae_Leptocerinae_Nectopsyche_candida
Trichoptera,Philopotamoidea,Philopotamidae,Philopotamus,ludificatus,Philopotamus ludificatus,Trichoptera_Philopotamidae_Philopotaminae_Philopotamus
Trichoptera,Philopotamoidea,Stenopsychidae,Stenopsychodes,sp.,Stenopsychodes sp.,Trichoptera_Stenopsychidae_Stenopsychodes_sp
Trichoptera,Phryganeoidea,Phryganeidae,Ptilostomis,semifasciata,Ptilostomis semifasciata,Trichoptera_Phryganeidae_Phryganeinae_Ptilostomis_semifasciata
Trichoptera,Psychomyioidea,Polycentropodidae,Plectrocnemia,sp.,Plectrocnemia sp.,Trichoptera_Polycentropodidae_Polycentropodinae_Plectrocnemia_sp
Trichoptera,Psychomyioidea,Psychomyiidae,Psychomyia,flavida,Psychomyia flavida,Trichoptera_Psychomyiidae_Psychomyiinae_Psychomyia_flavida
Trichoptera,Sericostomatoidea,Helicopsychidae,Helicopsyche,borealis,Helicopsyche borealis,Trichoptera_Helicopsychidae_Helicopsyche_borealis
