MONA,no_id,superfamily,family,subfamily,tribe,subtribe,genus,sp,species,aposematic,mimic,disruptive,complex
4751,FALSE,Pyraloidea,Crambidae,Acentropinae,Nymphulini,NA,Elophila,gyralis,Elophila gyralis,0,0,0,1
4748,FALSE,Pyraloidea,Crambidae,Acentropinae,Nymphulini,NA,Elophila,icciusalis,Elophila icciusalis,0,0,0,1
4765,FALSE,Pyraloidea,Crambidae,Acentropinae,Nymphulini,NA,Parapoynx,diminutalis,Parapoynx diminutalis,0,0,0,1
4763,FALSE,Pyraloidea,Crambidae,Acentropinae,Nymphulini,NA,Parapoynx,seminealis,Parapoynx seminealis,0,0,1,0
9090,FALSE,Noctuoidea,Noctuidae,Acontiinae,Acontiini,NA,Ponometia,candefacta,Ponometia candefacta,0,1,0,0
9083,FALSE,Noctuoidea,Noctuidae,Acontiinae,Acontiini,NA,Ponometia,parvula,Ponometia parvula,0,0,0,0
9085,FALSE,Noctuoidea,Noctuidae,Acontiinae,Acontiini,NA,Ponometia,semiflava,Ponometia semiflava,0,0,1,0
9127,FALSE,Noctuoidea,Noctuidae,Acontiinae,Acontiini,NA,Spragueia,leo,Spragueia leo,1,0,0,1
9126,FALSE,Noctuoidea,Noctuidae,Acontiinae,Acontiini,NA,Spragueia,onagrus,Spragueia onagrus,1,0,0,1
372,FALSE,Tineoidea,Tineidae,Acrolophinae,NA,NA,Acrolophus,plumifrontella,Acrolophus plumifrontella,0,1,0,0
9254,FALSE,Noctuoidea,Noctuidae,Acronictinae,NA,NA,Acronicta,afflicta,Acronicta afflicta,0,0,0,1
9200,FALSE,Noctuoidea,Noctuidae,Acronictinae,NA,NA,Acronicta,americana,Acronicta americana,0,0,0,1
9255,FALSE,Noctuoidea,Noctuidae,Acronictinae,NA,NA,Acronicta,brumosa,Acronicta brumosa,0,0,0,1
9242,FALSE,Noctuoidea,Noctuidae,Acronictinae,NA,NA,Acronicta,exilis,Acronicta exilis,0,0,0,1
9248,FALSE,Noctuoidea,Noctuidae,Acronictinae,NA,NA,Acronicta,hamamelis,Acronicta hamamelis,0,0,0,1
9229,FALSE,Noctuoidea,Noctuidae,Acronictinae,NA,NA,Acronicta,hasta,Acronicta hasta,0,0,0,1
9257,FALSE,Noctuoidea,Noctuidae,Acronictinae,NA,NA,Acronicta,impleta,Acronicta impleta,0,0,0,1
9261,FALSE,Noctuoidea,Noctuidae,Acronictinae,NA,NA,Acronicta,impressa,Acronicta impressa,0,0,0,1
9249,FALSE,Noctuoidea,Noctuidae,Acronictinae,NA,NA,Acronicta,increta,Acronicta increta,0,0,0,1
9280,FALSE,Noctuoidea,Noctuidae,Acronictinae,NA,NA,Acronicta,insularis,Acronicta insularis,0,0,0,0
9237,FALSE,Noctuoidea,Noctuidae,Acronictinae,NA,NA,Acronicta,interrupta,Acronicta interrupta,0,0,0,1
9227,FALSE,Noctuoidea,Noctuidae,Acronictinae,NA,NA,Acronicta,laetifica,Acronicta laetifica,0,0,0,1
9238,FALSE,Noctuoidea,Noctuidae,Acronictinae,NA,NA,Acronicta,lobeliae,Acronicta lobeliae,0,0,0,1
9264,FALSE,Noctuoidea,Noctuidae,Acronictinae,NA,NA,Acronicta,longa,Acronicta longa,0,0,0,1
9244,FALSE,Noctuoidea,Noctuidae,Acronictinae,NA,NA,Acronicta,modica,Acronicta modica,0,0,0,1
9236,FALSE,Noctuoidea,Noctuidae,Acronictinae,NA,NA,Acronicta,morula,Acronicta morula,0,0,0,1
9259,FALSE,Noctuoidea,Noctuidae,Acronictinae,NA,NA,Acronicta,noctivaga,Acronicta noctivaga,0,0,0,1
9272,FALSE,Noctuoidea,Noctuidae,Acronictinae,NA,NA,Acronicta,oblinita,Acronicta oblinita,0,0,0,1
9238.1,FALSE,Noctuoidea,Noctuidae,Acronictinae,NA,NA,Acronicta,perblanda,Acronicta perblanda,0,0,1,1
9251,FALSE,Noctuoidea,Noctuidae,Acronictinae,NA,NA,Acronicta,retardata,Acronicta retardata,0,0,0,1
9211,FALSE,Noctuoidea,Noctuidae,Acronictinae,NA,NA,Acronicta,tritona,Acronicta tritona,0,0,0,1
9225,FALSE,Noctuoidea,Noctuidae,Acronictinae,NA,NA,Acronicta,vinnula,Acronicta vinnula,0,0,0,1
9286,FALSE,Noctuoidea,Noctuidae,Acronictinae,NA,NA,Harrisimemna,trisignata,Harrisimemna trisignata,0,0,0,1
8104,FALSE,Noctuoidea,Noctuidae,Acronictinae,NA,NA,Polygrammate,cadburyi,Polygrammate cadburyi,0,0,0,1
9285,FALSE,Noctuoidea,Noctuidae,Acronictinae,NA,NA,Polygrammate,hebraeicum,Polygrammate hebraeicum,1,0,0,1
8102,FALSE,Noctuoidea,Nolidae,Afridinae,NA,NA,Afrida,ydatodes,Afrida ydatodes,0,0,1,1
9301,FALSE,Noctuoidea,Noctuidae,Agaristinae,NA,NA,Eudryas,grata,Eudryas grata,0,1,1,0
9299,FALSE,Noctuoidea,Noctuidae,Agaristinae,NA,NA,Eudryas,unio,Eudryas unio,0,1,0,0
9638,FALSE,Noctuoidea,Noctuidae,Amphipyrinae,Amphipyrini,NA,Amphipyra,pyramidoides,Amphipyra pyramidoides,0,0,1,1
10007,FALSE,Noctuoidea,Noctuidae,Amphipyrinae,Psaphidini,Feraliina,Feralia,major,Feralia major,0,0,0,1
10019,FALSE,Noctuoidea,Noctuidae,Amphipyrinae,Psaphidini,Psaphidina,Psaphida,resumens,Psaphida resumens,0,0,0,1
10014,FALSE,Noctuoidea,Noctuidae,Amphipyrinae,Psaphidini,Psaphidina,Psaphida,rolandi,Psaphida rolandi,0,0,0,1
10016,FALSE,Noctuoidea,Noctuidae,Amphipyrinae,Psaphidini,Psaphidina,Psaphida,styracis,Psaphida styracis,0,0,0,1
2234,FALSE,Gelechioidea,Gelechiidae,Anacampsinae,Anacampsini,NA,Anacampsis,coverdalella,Anacampsis coverdalella,0,0,1,0
1467,FALSE,Gelechioidea,Cosmopterigidae,Antequerinae,NA,NA,Euclemensia,bassettella,Euclemensia bassettella,1,0,1,0
7663,FALSE,Bombycoidea,Apatelodidae,Apatelodinae,NA,NA,Apatelodes,torrefacta,Apatelodes torrefacta,0,0,0,1
8196,FALSE,Noctuoidea,Erebidae,Arctiinae,Arctiini,Arctiina,Apantesis,parthenice,Apantesis parthenice,1,0,0,1
8169,FALSE,Noctuoidea,Erebidae,Arctiinae,Arctiini,Arctiina,Apantesis,phalerata,Apantesis phalerata,1,0,0,1
8197,FALSE,Noctuoidea,Erebidae,Arctiinae,Arctiini,Arctiina,Apantesis,virgo,Apantesis virgo,1,0,0,1
8170,FALSE,Noctuoidea,Erebidae,Arctiinae,Arctiini,Arctiina,Apantesis,vittata,Apantesis vittata,1,0,0,1
8267,FALSE,Noctuoidea,Erebidae,Arctiinae,Arctiini,Ctenuchina,Cisseps,fulvicollis,Cisseps fulvicollis,1,0,0,0
8061,FALSE,Noctuoidea,Erebidae,Arctiinae,Lithosiini,Cisthenina,Cisthene,kentuckiensis,Cisthene kentuckiensis,1,0,0,0
8072,FALSE,Noctuoidea,Erebidae,Arctiinae,Lithosiini,Cisthenina,Cisthene,packardii,Cisthene packardii,1,0,0,0
8067,FALSE,Noctuoidea,Erebidae,Arctiinae,Lithosiini,Cisthenina,Cisthene,plumbea,Cisthene plumbea,1,0,0,0
8071,FALSE,Noctuoidea,Erebidae,Arctiinae,Lithosiini,Cisthenina,Cisthene,subjecta,Cisthene subjecta,1,0,0,0
8098,FALSE,Noctuoidea,Erebidae,Arctiinae,Lithosiini,Cisthenina,Clemensia,albata,Clemensia albata,0,0,0,1
8098.1,FALSE,Noctuoidea,Erebidae,Arctiinae,Lithosiini,Cisthenina,Clemensia,ochreata,Clemensia ochreata,0,0,0,1
8045,FALSE,Noctuoidea,Erebidae,Arctiinae,Lithosiini,Lithosiina,Crambidia,lithosioides,Crambidia lithosioides,0,0,0,0
8045.1,FALSE,Noctuoidea,Erebidae,Arctiinae,Lithosiini,Lithosiina,Crambidia,pallida,Crambidia pallida,0,0,0,0
8230,FALSE,Noctuoidea,Erebidae,Arctiinae,Arctiini,Phaegopterina,Cycnia,tenera,Cycnia tenera,1,0,0,0
8266,FALSE,Noctuoidea,Erebidae,Arctiinae,Arctiini,Ctenuchina,Dahana,atripennis,Dahana atripennis,1,0,0,0
8131,FALSE,Noctuoidea,Erebidae,Arctiinae,Arctiini,Spilosomina,Estigmene,acrea,Estigmene acrea,1,0,0,1
8238,FALSE,Noctuoidea,Erebidae,Arctiinae,Arctiini,Phaegopterina,Euchaetes,egle,Euchaetes egle,1,0,0,0
8097,FALSE,Noctuoidea,Erebidae,Arctiinae,Lithosiini,Eudesmiina,Eudesmia,menea,Eudesmia menea,1,0,0,0
8203,FALSE,Noctuoidea,Erebidae,Arctiinae,Arctiini,Phaegopterina,Halysidota,tessellaris,Halysidota tessellaris,1,0,0,1
8107,FALSE,Noctuoidea,Erebidae,Arctiinae,Arctiini,Callimorphina,Haploa,clymene,Haploa clymene,1,0,0,0
8108,FALSE,Noctuoidea,Erebidae,Arctiinae,Arctiini,Callimorphina,Haploa,colona,Haploa colona,1,0,0,0
8146,FALSE,Noctuoidea,Erebidae,Arctiinae,Arctiini,Spilosomina,Hypercompe,scribonia,Hypercompe scribonia,1,0,0,1
8140,FALSE,Noctuoidea,Erebidae,Arctiinae,Arctiini,Spilosomina,Hyphantria,cunea,Hyphantria cunea,1,0,0,0
8090,FALSE,Noctuoidea,Erebidae,Arctiinae,Lithosiini,Cisthenina,Hypoprepia,fucosa,Hypoprepia fucosa,1,0,1,0
8217,FALSE,Noctuoidea,Erebidae,Arctiinae,Arctiini,Phaegopterina,Leucanopsis,longa,Leucanopsis longa,0,0,0,1
8101,FALSE,Noctuoidea,Erebidae,Arctiinae,Arctiini,Phaegopterina,Neoplynes,eudora,Neoplynes eudora,1,0,0,0
8099,FALSE,Noctuoidea,Erebidae,Arctiinae,Arctiini,Phaegopterina,Pagara,simplex,Pagara simplex,0,0,0,0
8255,FALSE,Noctuoidea,Erebidae,Arctiinae,Arctiini,Phaegopterina,Pygarctia,abdominalis,Pygarctia abdominalis,1,0,0,0
8129,FALSE,Noctuoidea,Erebidae,Arctiinae,Arctiini,Spilosomina,Pyrrharctia,isabella,Pyrrharctia isabella,1,0,0,0
8134,FALSE,Noctuoidea,Erebidae,Arctiinae,Arctiini,Spilosomina,Spilosoma,congrua,Spilosoma congrua,1,0,0,0
8136,FALSE,Noctuoidea,Erebidae,Arctiinae,Arctiini,Spilosomina,Spilosoma,dubia,Spilosoma dubia,1,0,0,1
8137,FALSE,Noctuoidea,Erebidae,Arctiinae,Arctiini,Spilosomina,Spilosoma,virginica,Spilosoma virginica,1,0,0,0
8105,FALSE,Noctuoidea,Erebidae,Arctiinae,Arctiini,Callimorphina,Utetheisa,ornatrix,Utetheisa ornatrix,1,0,0,1
8121,FALSE,Noctuoidea,Erebidae,Arctiinae,Arctiini,Arctiina,Virbia,aurantiaca,Virbia aurantiaca,1,0,0,0
8118.1,FALSE,Noctuoidea,Erebidae,Arctiinae,Arctiini,Arctiina,Virbia,fergusoni,Virbia fergusoni,1,0,0,0
8114,FALSE,Noctuoidea,Erebidae,Arctiinae,Arctiini,Arctiina,Virbia,laeta,Virbia laeta,1,0,0,0
8118,FALSE,Noctuoidea,Erebidae,Arctiinae,Arctiini,Arctiina,Virbia,opella,Virbia opella,1,0,0,0
8122,FALSE,Noctuoidea,Erebidae,Arctiinae,Arctiini,Arctiina,Virbia,rubicundaria,Virbia rubicundaria,1,0,0,0
2401,FALSE,Yponomeutoidea,Attevidae,Attevinae,NA,NA,Atteva,aurea,Atteva aurea,1,0,0,1
9076,FALSE,Noctuoidea,Erebidae,Boletobiinae,Eublemmini,NA,Eublemma,minima,Eublemma minima,0,0,1,1
9078,FALSE,Noctuoidea,Erebidae,Boletobiinae,Eublemmini,NA,Eublemma,recta,Eublemma recta,0,0,1,1
8471,FALSE,Noctuoidea,Erebidae,Boletobiinae,Phytometrini,NA,Hemeroplanis,habitalis,Hemeroplanis habitalis,0,0,0,1
8467,FALSE,Noctuoidea,Erebidae,Boletobiinae,Phytometrini,NA,Hemeroplanis,scopulepes,Hemeroplanis scopulepes,0,0,1,0
8488,FALSE,Noctuoidea,Erebidae,Boletobiinae,Phytometrini,NA,Hormoschista,latipalpis,Hormoschista latipalpis,0,0,0,1
9036,FALSE,Noctuoidea,Erebidae,Boletobiinae,Phytometrini,NA,Hyperstrotia,aetheria,Hyperstrotia aetheria,0,0,0,1
9039,FALSE,Noctuoidea,Erebidae,Boletobiinae,Phytometrini,NA,Hyperstrotia,flaviguttata,Hyperstrotia flaviguttata,0,0,0,1
9037,FALSE,Noctuoidea,Erebidae,Boletobiinae,Phytometrini,NA,Hyperstrotia,pervertens,Hyperstrotia pervertens,0,0,0,1
8499,FALSE,Noctuoidea,Erebidae,Boletobiinae,Boletobiini,NA,Metalectra,discalis,Metalectra discalis,0,0,0,1
8500,FALSE,Noctuoidea,Erebidae,Boletobiinae,Boletobiini,NA,Metalectra,quadrisignata,Metalectra quadrisignata,0,0,0,1
8505,FALSE,Noctuoidea,Erebidae,Boletobiinae,Boletobiini,NA,Metalectra,richardsi,Metalectra richardsi,0,0,0,1
8502,FALSE,Noctuoidea,Erebidae,Boletobiinae,Boletobiini,NA,Metalectra,tantillus,Metalectra tantillus,0,0,0,1
8480,FALSE,Noctuoidea,Erebidae,Boletobiinae,Phytometrini,NA,Phytometra,ernestinana,Phytometra ernestinana,1,0,1,0
8481,FALSE,Noctuoidea,Erebidae,Boletobiinae,Phytometrini,NA,Phytometra,rhodarialis,Phytometra rhodarialis,1,0,1,0
7716,FALSE,Bombycoidea,Saturniidae,Ceratocampinae,NA,NA,Anisota,stigma,Anisota stigma,0,0,1,1
7723,FALSE,Bombycoidea,Saturniidae,Ceratocampinae,NA,NA,Anisota,virginiensis,Anisota virginiensis,0,0,1,0
7706,FALSE,Bombycoidea,Saturniidae,Ceratocampinae,NA,NA,Citheronia,regalis,Citheronia regalis,1,0,0,1
7708,FALSE,Bombycoidea,Saturniidae,Ceratocampinae,NA,NA,Citheronia,sepulcralis,Citheronia sepulcralis,0,0,0,0
7715,FALSE,Bombycoidea,Saturniidae,Ceratocampinae,NA,NA,Dryocampa,rubicunda,Dryocampa rubicunda,1,0,1,0
7704,FALSE,Bombycoidea,Saturniidae,Ceratocampinae,NA,NA,Eacles,imperialis,Eacles imperialis,0,0,1,1
5563,FALSE,Pyraloidea,Pyralidae,Chrysauginae,NA,NA,Clydonopteron,sacculana,Clydonopteron sacculana,0,1,1,1
5538,FALSE,Pyraloidea,Pyralidae,Chrysauginae,NA,NA,Parachma,ochracealis,Parachma ochracealis,0,0,1,0
5556,FALSE,Pyraloidea,Pyralidae,Chrysauginae,NA,NA,Tosale,oviplagalis,Tosale oviplagalis,0,1,1,0
4242,FALSE,Papilionoidea,Pieridae,Coliadinae,NA,NA,Abaeis,nicippe,Abaeis nicippe,1,0,1,0
4228,FALSE,Papilionoidea,Pieridae,Coliadinae,NA,NA,Phoebis,sennae,Phoebis sennae,1,0,0,0
4237,FALSE,Papilionoidea,Pieridae,Coliadinae,NA,NA,Pyrisitia,lisa,Pyrisitia lisa,1,0,0,0
9714,FALSE,Noctuoidea,Noctuidae,Condicinae,Condicini,NA,Condica,confederata,Condica confederata,0,0,0,1
9693,FALSE,Noctuoidea,Noctuidae,Condicinae,Condicini,NA,Condica,mobilis,Condica mobilis,0,0,0,1
9699,FALSE,Noctuoidea,Noctuidae,Condicinae,Condicini,NA,Condica,sutor,Condica sutor,0,0,0,1
9696,FALSE,Noctuoidea,Noctuidae,Condicinae,Condicini,NA,Condica,vecors,Condica vecors,0,0,0,1
9690,FALSE,Noctuoidea,Noctuidae,Condicinae,Condicini,NA,Condica,videns,Condica videns,0,0,0,1
9057,FALSE,Noctuoidea,Noctuidae,Condicinae,Condicini,NA,Homophoberia,apicosa,Homophoberia apicosa,0,0,1,1
9689,FALSE,Noctuoidea,Noctuidae,Condicinae,Condicini,NA,Perigea,xanthioides,Perigea xanthioides,0,0,0,1
1528,FALSE,Gelechioidea,Cosmopterigidae,Cosmopteriginae,NA,NA,Triclonella,bicoloripennis,Triclonella bicoloripennis,0,0,1,0
2693,FALSE,Cossoidea,Cossidae,Cossinae,NA,NA,Prionoxystus,robiniae,Prionoxystus robiniae,0,0,0,1
2674,FALSE,Cossoidea,Dudgeoneidae,Cossulinae,NA,NA,Cossula,magnifica,Cossula magnifica,0,1,0,1
5472,FALSE,Pyraloidea,Crambidae,Crambinae,Chilonini,NA,Chilo,demotella,Chilo demotella,0,0,0,0
5372,FALSE,Pyraloidea,Crambidae,Crambinae,Crambini,NA,Crambus,satrapellus,Crambus satrapellus,0,0,1,0
5468,FALSE,Pyraloidea,Crambidae,Crambinae,Chilonini,NA,Epina,dichromella,Epina dichromella,0,0,0,0
5464,FALSE,Pyraloidea,Crambidae,Crambinae,Argyriini,NA,Urola,nivalis,Urola nivalis,1,0,1,0
5465,FALSE,Pyraloidea,Crambidae,Crambinae,Calamotrophini,NA,Vaxi,auratellus,Vaxi auratellus,1,0,1,0
5466,FALSE,Pyraloidea,Crambidae,Crambinae,Calamotrophini,NA,Vaxi,critica,Vaxi critica,1,0,1,0
2295.1,FALSE,Gelechioidea,Gelechiidae,Dichomeridinae,NA,NA,Dichomeris,fistuca,Dichomeris fistuca,0,0,1,0
8560,FALSE,Noctuoidea,Erebidae,Diphtherinae,NA,NA,Diphthera,festiva,Diphthera festiva,1,0,1,1
8556,FALSE,Noctuoidea,Noctuidae,Dyopsinae,NA,NA,Litoprosopus,futilis,Litoprosopus futilis,0,0,0,1
6590,FALSE,Geometroidea,Geometridae,Ennominae,Boarmiini,NA,Anavitrinella,pampinaria,Anavitrinella pampinaria,0,0,1,1
6885,FALSE,Geometroidea,Geometridae,Ennominae,Ourapterygini,NA,Besma,quercivoraria,Besma quercivoraria,0,0,1,1
6869,FALSE,Geometroidea,Geometridae,Ennominae,Ourapterygini,NA,Caripeta,aretaria,Caripeta aretaria,0,0,1,1
6834,FALSE,Geometroidea,Geometridae,Ennominae,Anagogini,NA,Cepphis,decoloraria,Cepphis decoloraria,0,0,1,1
6780,FALSE,Geometroidea,Geometridae,Ennominae,Nacophorini,NA,Ceratonyx,satanaria,Ceratonyx satanaria,0,0,1,1
6595,FALSE,Geometroidea,Geometridae,Ennominae,Boarmiini,NA,Cleora,projecta,Cleora projecta,0,0,0,1
6594,FALSE,Geometroidea,Geometridae,Ennominae,Boarmiini,NA,Cleora,sublunaria,Cleora sublunaria,0,0,0,1
6745,FALSE,Geometroidea,Geometridae,Ennominae,Angeronini,NA,Cymatophora,approximaria,Cymatophora approximaria,0,0,0,1
6362,FALSE,Geometroidea,Geometridae,Ennominae,Macariini,NA,Digrammia,continuata,Digrammia continuata,0,0,1,1
6357,FALSE,Geometroidea,Geometridae,Ennominae,Macariini,NA,Digrammia,eremiata,Digrammia eremiata,0,0,1,1
6405,FALSE,Geometroidea,Geometridae,Ennominae,Macariini,NA,Digrammia,gnophosaria,Digrammia gnophosaria,0,0,0,1
6597,FALSE,Geometroidea,Geometridae,Ennominae,Boarmiini,NA,Ectropis,crepuscularia,Ectropis crepuscularia,0,0,0,1
6599,FALSE,Geometroidea,Geometridae,Ennominae,Boarmiini,NA,Epimecis,hortaria,Epimecis hortaria,0,0,0,1
6713,FALSE,Geometroidea,Geometridae,Ennominae,Caberini,NA,Episemasia,solitaria,Episemasia solitaria,0,0,0,1
6733,FALSE,Geometroidea,Geometridae,Ennominae,Angeronini,NA,Euchlaena,amoenaria,Euchlaena amoenaria,0,0,1,1
6735,FALSE,Geometroidea,Geometridae,Ennominae,Angeronini,NA,Euchlaena,deductaria,Euchlaena deductaria,0,0,1,1
6726,FALSE,Geometroidea,Geometridae,Ennominae,Angeronini,NA,Euchlaena,obtusaria,Euchlaena obtusaria,0,0,1,1
6941,FALSE,Geometroidea,Geometridae,Ennominae,Ourapterygini,NA,Eusarca,confusaria,Eusarca confusaria,0,0,1,0
6933,FALSE,Geometroidea,Geometridae,Ennominae,Ourapterygini,NA,Eusarca,fundaria,Eusarca fundaria,0,0,1,0
6966,FALSE,Geometroidea,Geometridae,Ennominae,Ourapterygini,NA,Eutrapela,clemataria,Eutrapela clemataria,0,0,1,0
6478,FALSE,Geometroidea,Geometridae,Ennominae,Boarmiini,NA,Exelis,pyrolaria,Exelis pyrolaria,0,0,0,1
6450,FALSE,Geometroidea,Geometridae,Ennominae,Boarmiini,NA,Glena,cognataria,Glena cognataria,0,0,0,1
6449,FALSE,Geometroidea,Geometridae,Ennominae,Boarmiini,NA,Glena,cribrataria,Glena cribrataria,0,0,0,1
6443,FALSE,Geometroidea,Geometridae,Ennominae,Boarmiini,NA,Glenoides,texanaria,Glenoides texanaria,0,0,1,1
6655,FALSE,Geometroidea,Geometridae,Ennominae,Bistonini,NA,Hypagyrtis,esther,Hypagyrtis esther,0,0,1,1
6654,FALSE,Geometroidea,Geometridae,Ennominae,Bistonini,NA,Hypagyrtis,unipunctata,Hypagyrtis unipunctata,0,0,1,1
6439.1,FALSE,Geometroidea,Geometridae,Ennominae,Boarmiini,NA,Hypomecis,longipectinaria,Hypomecis longipectinaria,0,0,0,1
6711,FALSE,Geometroidea,Geometridae,Ennominae,Caberini,NA,Ilexia,intractata,Ilexia intractata,0,0,0,1
6571,FALSE,Geometroidea,Geometridae,Ennominae,Boarmiini,NA,Iridopsis,cypressaria,Iridopsis cypressaria,0,0,0,1
6586,FALSE,Geometroidea,Geometridae,Ennominae,Boarmiini,NA,Iridopsis,defectaria,Iridopsis defectaria,0,0,0,1
6583,FALSE,Geometroidea,Geometridae,Ennominae,Boarmiini,NA,Iridopsis,ephyraria,Iridopsis ephyraria,0,0,0,1
6584,FALSE,Geometroidea,Geometridae,Ennominae,Boarmiini,NA,Iridopsis,humaria,Iridopsis humaria,0,0,0,1
6580,FALSE,Geometroidea,Geometridae,Ennominae,Boarmiini,NA,Iridopsis,pergracilis,Iridopsis pergracilis,0,0,1,1
6582,FALSE,Geometroidea,Geometridae,Ennominae,Boarmiini,NA,Iridopsis,vellivolata,Iridopsis vellivolata,0,0,0,1
6652,FALSE,Geometroidea,Geometridae,Ennominae,Bistonini,NA,Lycia,ypsilon,Lycia ypsilon,0,0,0,1
6721,FALSE,Geometroidea,Geometridae,Ennominae,Angeronini,NA,Lytrosis,sinuosa,Lytrosis sinuosa,0,0,1,1
6326,FALSE,Geometroidea,Geometridae,Ennominae,Macariini,NA,Macaria,aemulataria,Macaria aemulataria,0,0,0,1
6335,FALSE,Geometroidea,Geometridae,Ennominae,Macariini,NA,Macaria,aequiferaria,Macaria aequiferaria,0,0,0,1
6341,FALSE,Geometroidea,Geometridae,Ennominae,Macariini,NA,Macaria,bicolorata,Macaria bicolorata,0,0,1,1
6336,FALSE,Geometroidea,Geometridae,Ennominae,Macariini,NA,Macaria,distribuaria,Macaria distribuaria,0,0,0,1
6353,FALSE,Geometroidea,Geometridae,Ennominae,Macariini,NA,Macaria,multilineata,Macaria multilineata,0,0,1,1
6273,FALSE,Geometroidea,Geometridae,Ennominae,Macariini,NA,Macaria,pustularia,Macaria pustularia,1,0,0,1
6339,FALSE,Geometroidea,Geometridae,Ennominae,Macariini,NA,Macaria,transitaria,Macaria transitaria,0,0,0,1
6314,FALSE,Geometroidea,Geometridae,Ennominae,Macariini,NA,Macaria,varadaria,Macaria varadaria,0,0,1,1
6620,FALSE,Geometroidea,Geometridae,Ennominae,Melanolophiini,NA,Melanolophia,canadaria,Melanolophia canadaria,0,0,0,1
6822,FALSE,Geometroidea,Geometridae,Ennominae,Anagogini,NA,Metarranthis,duaria,Metarranthis duaria,0,0,1,1
6828,FALSE,Geometroidea,Geometridae,Ennominae,Anagogini,NA,Metarranthis,homuraria,Metarranthis homuraria,0,0,1,1
6832,FALSE,Geometroidea,Geometridae,Ennominae,Anagogini,NA,Metarranthis,obfirmaria,Metarranthis obfirmaria,0,0,1,0
7010.1,FALSE,Geometroidea,Geometridae,Ennominae,Cassymini,NA,Nematocampa,baggettaria,Nematocampa baggettaria,0,0,1,1
7010,FALSE,Geometroidea,Geometridae,Ennominae,Cassymini,NA,Nematocampa,resistaria,Nematocampa resistaria,0,0,0,1
6908,FALSE,Geometroidea,Geometridae,Ennominae,Ourapterygini,NA,Nepytia,semiclusaria,Nepytia semiclusaria,0,0,0,1
6974,FALSE,Geometroidea,Geometridae,Ennominae,Ourapterygini,NA,Patalene,olyzonaria,Patalene olyzonaria,0,0,1,0
6748,FALSE,Geometroidea,Geometridae,Ennominae,Azelinini,NA,Pero,ancetaria,Pero ancetaria,0,0,1,0
6752,FALSE,Geometroidea,Geometridae,Ennominae,Azelinini,NA,Pero,zalissaria,Pero zalissaria,0,0,1,0
6763,FALSE,Geometroidea,Geometridae,Ennominae,Nacophorini,NA,Phaeoura,quernaria,Phaeoura quernaria,0,0,0,1
6659,FALSE,Geometroidea,Geometridae,Ennominae,Bistonini,NA,Phigalia,denticulata,Phigalia denticulata,0,0,0,1
6660,FALSE,Geometroidea,Geometridae,Ennominae,Bistonini,NA,Phigalia,strigataria,Phigalia strigataria,0,0,0,1
6843,FALSE,Geometroidea,Geometridae,Ennominae,Anagogini,NA,Plagodis,fervidaria,Plagodis fervidaria,0,0,1,1
6838,FALSE,Geometroidea,Geometridae,Ennominae,Anagogini,NA,Probole,amicaria,Probole amicaria,0,0,1,1
6982,FALSE,Geometroidea,Geometridae,Ennominae,Ourapterygini,NA,Prochoerodes,lineola,Prochoerodes lineola,0,0,1,0
6598,FALSE,Geometroidea,Geometridae,Ennominae,Boarmiini,NA,Protoboarmia,porcelaria,Protoboarmia porcelaria,0,0,0,1
6800,FALSE,Geometroidea,Geometridae,Ennominae,Sphacelodini,NA,Sphacelodes,vulneraria,Sphacelodes vulneraria,0,0,0,0
6746,FALSE,Geometroidea,Geometridae,Ennominae,Azelinini,NA,Stenaspilatodes,antidiscaria,Stenaspilatodes antidiscaria,0,0,1,0
6805,FALSE,Geometroidea,Geometridae,Ennominae,Lithinini,NA,Tacparia,zalissaria,Tacparia zalissaria,0,0,1,0
6485,FALSE,Geometroidea,Geometridae,Ennominae,Boarmiini,NA,Tornos,cinctarius,Tornos cinctarius,0,0,0,1
6486,FALSE,Geometroidea,Geometridae,Ennominae,Boarmiini,NA,Tornos,scolopacinaria,Tornos scolopacinaria,0,0,0,1
6742,FALSE,Geometroidea,Geometridae,Ennominae,Angeronini,NA,Xanthotype,rufaria,Xanthotype rufaria,0,0,0,1
5577,FALSE,Pyraloidea,Pyralidae,Epipaschiinae,NA,NA,Epipaschia,superatalis,Epipaschia superatalis,0,0,0,1
5579,FALSE,Pyraloidea,Pyralidae,Epipaschiinae,NA,NA,Macalla,zelleri,Macalla zelleri,0,0,0,1
5595,FALSE,Pyraloidea,Pyralidae,Epipaschiinae,NA,NA,Pococera,robustella,Pococera robustella,0,0,1,1
5591,FALSE,Pyraloidea,Pyralidae,Epipaschiinae,NA,NA,Tallula,atrifascialis,Tallula atrifascialis,0,0,0,1
8721,FALSE,Noctuoidea,Erebidae,Erebinae,Poaphilini,NA,Allotria,elonympha,Allotria elonympha,0,0,0,1
9818,FALSE,Noctuoidea,Erebidae,Erebinae,Omopterini,NA,Amolita,fessa,Amolita fessa,0,0,0,0
9819,FALSE,Noctuoidea,Erebidae,Erebinae,Omopterini,NA,Amolita,obliqua,Amolita obliqua,0,0,0,0
9821,FALSE,Noctuoidea,Erebidae,Erebinae,Omopterini,NA,Amolita,roseola,Amolita roseola,0,0,0,0
8763,FALSE,Noctuoidea,Erebidae,Erebinae,Poaphilini,NA,Argyrostrotis,deleta,Argyrostrotis deleta,0,0,0,0
8759,FALSE,Noctuoidea,Erebidae,Erebinae,Poaphilini,NA,Argyrostrotis,flavistriaria,Argyrostrotis flavistriaria,0,0,1,0
8762,FALSE,Noctuoidea,Erebidae,Erebinae,Poaphilini,NA,Argyrostrotis,quadrifilaris,Argyrostrotis quadrifilaris,0,0,1,0
8760,FALSE,Noctuoidea,Erebidae,Erebinae,Poaphilini,NA,Argyrostrotis,sylvarum,Argyrostrotis sylvarum,0,0,1,0
8733,FALSE,Noctuoidea,Erebidae,Erebinae,Euclidiini,NA,Caenurgia,chloropha,Caenurgia chloropha,0,0,0,1
8878,FALSE,Noctuoidea,Erebidae,Erebinae,Catocalini,NA,Catocala,amica,Catocala amica,1,0,0,1
8849,FALSE,Noctuoidea,Erebidae,Erebinae,Catocalini,NA,Catocala,andromedae,Catocala andromedae,0,0,0,1
8847,FALSE,Noctuoidea,Erebidae,Erebinae,Catocalini,NA,Catocala,gracilis,Catocala gracilis,1,0,0,1
8801,FALSE,Noctuoidea,Erebidae,Erebinae,Catocalini,NA,Catocala,ilia,Catocala ilia,1,0,0,1
8879,FALSE,Noctuoidea,Erebidae,Erebinae,Catocalini,NA,Catocala,jair,Catocala jair,1,0,0,1
8876,FALSE,Noctuoidea,Erebidae,Erebinae,Catocalini,NA,Catocala,micronympha,Catocala micronympha,1,0,0,1
8774,FALSE,Noctuoidea,Erebidae,Erebinae,Catocalini,NA,Catocala,muliercula,Catocala muliercula,1,0,0,1
8865,FALSE,Noctuoidea,Erebidae,Erebinae,Catocalini,NA,Catocala,praeclara,Catocala praeclara,1,0,0,1
8747,FALSE,Noctuoidea,Erebidae,Erebinae,Euclidiini,NA,Celiptera,frustulum,Celiptera frustulum,0,0,1,1
8592,TRUE,Noctuoidea,Erebidae,Erebinae,Melipotini,NA,Cissusa,spadix,Cissusa spadix,0,0,0,1
8728,FALSE,Noctuoidea,Erebidae,Erebinae,Poaphilini,NA,Cutina,albopunctella,Cutina albopunctella,0,0,0,1
8729.2,FALSE,Noctuoidea,Erebidae,Erebinae,Poaphilini,NA,Cutina,arcuata,Cutina arcuata,0,0,0,1
8729,FALSE,Noctuoidea,Erebidae,Erebinae,Poaphilini,NA,Cutina,distincta,Cutina distincta,0,0,0,1
8765,FALSE,Noctuoidea,Erebidae,Erebinae,Euclidiini,NA,Doryodes,bistrialis,Doryodes bistrialis,0,0,0,1
8767,TRUE,Noctuoidea,Erebidae,Erebinae,Euclidiini,NA,Doryodes,spadaria,Doryodes spadaria,0,0,1,0
8641,FALSE,Noctuoidea,Erebidae,Erebinae,Melipotini,NA,Drasteria,grandirena,Drasteria grandirena,0,0,0,1
8585.3,FALSE,Noctuoidea,Erebidae,Erebinae,Omopterini,NA,Epidromia,rotundata,Epidromia rotundata,0,0,1,0
8651,FALSE,Noctuoidea,Erebidae,Erebinae,Omopterini,NA,Lesmone,detrahens,Lesmone detrahens,0,0,1,0
8653,FALSE,Noctuoidea,Erebidae,Erebinae,Omopterini,NA,Lesmone,hinna,Lesmone hinna,0,0,1,0
8666,FALSE,Noctuoidea,Erebidae,Erebinae,Omopterini,NA,Metria,amella,Metria amella,0,0,0,1
8743,FALSE,Noctuoidea,Erebidae,Erebinae,Euclidiini,NA,Mocis,latipes,Mocis latipes,0,0,0,1
8744,FALSE,Noctuoidea,Erebidae,Erebinae,Euclidiini,NA,Mocis,marcida,Mocis marcida,0,0,1,1
8745,FALSE,Noctuoidea,Erebidae,Erebinae,Euclidiini,NA,Mocis,texana,Mocis texana,0,0,1,1
8727,FALSE,Noctuoidea,Erebidae,Erebinae,Poaphilini,NA,Parallelia,bistriaris,Parallelia bistriaris,0,0,1,0
8591,FALSE,Noctuoidea,Erebidae,Erebinae,Melipotini,NA,Phoberia,atomaris,Phoberia atomaris,0,0,1,1
8683,FALSE,Noctuoidea,Erebidae,Erebinae,Omopterini,NA,Pseudanthracia,coracias,Pseudanthracia coracias,0,0,0,1
8751,FALSE,Noctuoidea,Erebidae,Erebinae,Euclidiini,NA,Ptichodis,bistrigata,Ptichodis bistrigata,0,0,1,1
8750,FALSE,Noctuoidea,Erebidae,Erebinae,Euclidiini,NA,Ptichodis,herbarum,Ptichodis herbarum,0,0,1,0
8749,FALSE,Noctuoidea,Erebidae,Erebinae,Euclidiini,NA,Ptichodis,vinculum,Ptichodis vinculum,0,0,1,0
8658,FALSE,Noctuoidea,Erebidae,Erebinae,Omopterini,NA,Selenisa,sueroides,Selenisa sueroides,0,0,1,1
8694,FALSE,Noctuoidea,Erebidae,Erebinae,Omopterini,NA,Zale,aeruginosa,Zale aeruginosa,0,0,0,1
8706,FALSE,Noctuoidea,Erebidae,Erebinae,Omopterini,NA,Zale,buchholzi,Zale buchholzi,0,0,0,1
8691,FALSE,Noctuoidea,Erebidae,Erebinae,Omopterini,NA,Zale,declarans,Zale declarans,0,0,0,1
8704,FALSE,Noctuoidea,Erebidae,Erebinae,Omopterini,NA,Zale,helata,Zale helata,0,0,0,1
8717,FALSE,Noctuoidea,Erebidae,Erebinae,Omopterini,NA,Zale,horrida,Zale horrida,0,0,1,1
8689,FALSE,Noctuoidea,Erebidae,Erebinae,Omopterini,NA,Zale,lunata,Zale lunata,0,0,0,1
8699,FALSE,Noctuoidea,Erebidae,Erebinae,Omopterini,NA,Zale,obliqua,Zale obliqua,0,0,0,1
9633,FALSE,Noctuoidea,Noctuidae,Eriopinae,NA,NA,Callopistria,cordata,Callopistria cordata,0,0,0,1
9630,FALSE,Noctuoidea,Noctuidae,Eriopinae,NA,NA,Callopistria,floridensis,Callopistria floridensis,0,0,0,1
9632,FALSE,Noctuoidea,Noctuidae,Eriopinae,NA,NA,Callopistria,granitosa,Callopistria granitosa,0,0,0,1
9631,FALSE,Noctuoidea,Noctuidae,Eriopinae,NA,NA,Callopistria,mollissima,Callopistria mollissima,0,0,0,1
3870,FALSE,Papilionoidea,Hesperiidae,Eudaminae,NA,NA,Epargyreus,clarus,Epargyreus clarus,0,0,0,1
3909,FALSE,Papilionoidea,Hesperiidae,Eudaminae,NA,NA,Thorybes,bathyllus,Thorybes bathyllus,0,0,0,1
3886,FALSE,Papilionoidea,Hesperiidae,Eudaminae,NA,NA,Urbanus,proteus,Urbanus proteus,0,0,0,1
8579,FALSE,Noctuoidea,Erebidae,Eulepidotinae,Eulepidotinae incertae sedis Group 10,NA,Antiblemma,perva,Antiblemma perva,0,0,0,1
8574,FALSE,Noctuoidea,Erebidae,Eulepidotinae,NA,NA,Anticarsia,gemmatalis,Anticarsia gemmatalis,0,0,1,0
8582,FALSE,Noctuoidea,Erebidae,Eulepidotinae,NA,NA,Ephyrodes,cacata,Ephyrodes cacata,0,0,1,1
8573,FALSE,Noctuoidea,Erebidae,Eulepidotinae,NA,NA,Metallata,absumens,Metallata absumens,0,0,1,0
8588,FALSE,Noctuoidea,Erebidae,Eulepidotinae,NA,NA,Panopoda,carneicosta,Panopoda carneicosta,0,0,0,0
8589,FALSE,Noctuoidea,Erebidae,Eulepidotinae,NA,NA,Panopoda,repanda,Panopoda repanda,0,0,0,0
8587,FALSE,Noctuoidea,Erebidae,Eulepidotinae,NA,NA,Panopoda,rufimargo,Panopoda rufimargo,0,0,0,0
8525,FALSE,Noctuoidea,Erebidae,Eulepidotinae,Eulepidotinae incertae sedis Group 3,NA,Phyprosopus,callitrichoides,Phyprosopus callitrichoides,0,0,1,0
9046,FALSE,Noctuoidea,Noctuidae,Eustrotiinae,NA,NA,Deltote,bellicula,Deltote bellicula,0,0,0,1
9044,FALSE,Noctuoidea,Noctuidae,Eustrotiinae,NA,NA,Marimatha,nigrofimbria,Marimatha nigrofimbria,0,0,1,0
9047,FALSE,Noctuoidea,Noctuidae,Eustrotiinae,NA,NA,Protodeltote,muscosula,Protodeltote muscosula,0,0,0,1
8955,FALSE,Noctuoidea,Euteliidae,Euteliinae,NA,NA,Marathyssa,inficita,Marathyssa inficita,0,0,0,1
8962,FALSE,Noctuoidea,Euteliidae,Euteliinae,NA,NA,Paectes,abrostoloides,Paectes abrostoloides,0,0,0,1
8957,FALSE,Noctuoidea,Euteliidae,Euteliinae,NA,NA,Paectes,oculatrix,Paectes oculatrix,0,0,0,1
5622,FALSE,Pyraloidea,Pyralidae,Galleriinae,Galleriini,NA,Galleria,mellonella,Galleria mellonella,0,0,0,0
2187,FALSE,Gelechioidea,Gelechiidae,Gelechiinae,Gelechiini,NA,Aroga,compositella,Aroga compositella,0,0,0,1
2106,FALSE,Gelechioidea,Gelechiidae,Gelechiinae,Gelechiini,NA,Chionodes,permacta,Chionodes permacta,0,0,0,0
1813,FALSE,Gelechioidea,Gelechiidae,Gelechiinae,Litini,NA,Coleotechnites,huntella,Coleotechnites huntella,0,0,0,1
2167,FALSE,Gelechioidea,Gelechiidae,Gelechiinae,Gelechiini,NA,Filatima,procedes,Filatima procedes,0,0,0,1
7071,FALSE,Geometroidea,Geometridae,Geometrinae,Hemitheini,NA,Chlorochlamys,chloroleucaria,Chlorochlamys chloroleucaria,0,0,1,0
7075,FALSE,Geometroidea,Geometridae,Geometrinae,Hemitheini,NA,Chloropteryx,tepperaria,Chloropteryx tepperaria,0,0,0,0
7053,FALSE,Geometroidea,Geometridae,Geometrinae,Nemoriini,NA,Dichorda,iridaria,Dichorda iridaria,0,0,1,0
7045,FALSE,Geometroidea,Geometridae,Geometrinae,Nemoriini,NA,Nemoria,bifilata,Nemoria bifilata,0,0,1,0
7046,FALSE,Geometroidea,Geometridae,Geometrinae,Nemoriini,NA,Nemoria,bistriaria,Nemoria bistriaria,0,0,1,0
7029,FALSE,Geometroidea,Geometridae,Geometrinae,Nemoriini,NA,Nemoria,elfa,Nemoria elfa,0,0,1,0
7033,FALSE,Geometroidea,Geometridae,Geometrinae,Nemoriini,NA,Nemoria,lixaria,Nemoria lixaria,0,0,1,0
7034,FALSE,Geometroidea,Geometridae,Geometrinae,Nemoriini,NA,Nemoria,saturiba,Nemoria saturiba,0,0,1,0
7058,FALSE,Geometroidea,Geometridae,Geometrinae,Synchlorini,NA,Synchlora,aerata,Synchlora aerata,0,0,1,0
7059,FALSE,Geometroidea,Geometridae,Geometrinae,Synchlorini,NA,Synchlora,frondaria,Synchlora frondaria,0,0,0,0
7084,FALSE,Geometroidea,Geometridae,Geometrinae,Hemitheini,NA,Thalera,pistasciaria,Thalera pistasciaria,0,0,0,0
4413,FALSE,Papilionoidea,Nymphalidae,Heliconiinae,Heliconiini,Heliconiina,Agraulis,incarnata,Agraulis incarnata,1,0,0,1
11071,FALSE,Noctuoidea,Noctuidae,Heliothinae,NA,NA,Chloridea,virescens,Chloridea virescens,0,0,1,0
11068,FALSE,Noctuoidea,Noctuidae,Heliothinae,NA,NA,Helicoverpa,zea,Helicoverpa zea,0,0,0,0
11065,FALSE,Noctuoidea,Noctuidae,Heliothinae,NA,NA,Pyrrhia,aurantiago,Pyrrhia aurantiago,0,0,1,1
11128,FALSE,Noctuoidea,Noctuidae,Heliothinae,NA,NA,Schinia,arcigera,Schinia arcigera,0,0,1,0
11117,FALSE,Noctuoidea,Noctuidae,Heliothinae,NA,NA,Schinia,lynx,Schinia lynx,0,0,1,1
11137,FALSE,Noctuoidea,Noctuidae,Heliothinae,NA,NA,Schinia,nubila,Schinia nubila,0,0,0,1
11177,FALSE,Noctuoidea,Noctuidae,Heliothinae,NA,NA,Schinia,nundina,Schinia nundina,0,0,0,1
11116.1,FALSE,Noctuoidea,Noctuidae,Heliothinae,NA,NA,Schinia,rufipenna,Schinia rufipenna,0,0,0,1
11173,FALSE,Noctuoidea,Noctuidae,Heliothinae,NA,NA,Schinia,sanguinea,Schinia sanguinea,0,0,0,1
11140,FALSE,Noctuoidea,Noctuidae,Heliothinae,NA,NA,Schinia,saturata,Schinia saturata,0,0,0,0
11149,FALSE,Noctuoidea,Noctuidae,Heliothinae,NA,NA,Schinia,trifascia,Schinia trifascia,0,0,1,0
11116,FALSE,Noctuoidea,Noctuidae,Heliothinae,NA,NA,Schinia,tuberculum,Schinia tuberculum,0,0,1,0
7746,FALSE,Bombycoidea,Saturniidae,Hemileucinae,Hemileucini,NA,Automeris,io,Automeris io,0,0,0,1
8370,FALSE,Noctuoidea,Erebidae,Herminiinae,NA,NA,Bleptina,caradrinalis,Bleptina caradrinalis,0,0,0,1
8371,FALSE,Noctuoidea,Erebidae,Herminiinae,NA,NA,Bleptina,inferior,Bleptina inferior,0,0,0,1
8372,FALSE,Noctuoidea,Erebidae,Herminiinae,NA,NA,Bleptina,sangamonia,Bleptina sangamonia,0,0,0,1
8355,FALSE,Noctuoidea,Erebidae,Herminiinae,NA,NA,Chytolita,morbidalis,Chytolita morbidalis,0,0,0,1
8323,FALSE,Noctuoidea,Erebidae,Herminiinae,NA,NA,Idia,aemula,Idia aemula,0,0,0,1
8322,FALSE,Noctuoidea,Erebidae,Herminiinae,NA,NA,Idia,americalis,Idia americalis,0,0,0,1
8329,FALSE,Noctuoidea,Erebidae,Herminiinae,NA,NA,Idia,diminuendis,Idia diminuendis,0,0,0,1
8328,FALSE,Noctuoidea,Erebidae,Herminiinae,NA,NA,Idia,julia,Idia julia,0,0,0,1
8334,FALSE,Noctuoidea,Erebidae,Herminiinae,NA,NA,Idia,lubricalis,Idia lubricalis,0,0,0,1
8324,FALSE,Noctuoidea,Erebidae,Herminiinae,NA,NA,Idia,majoralis,Idia majoralis,0,0,0,1
8326,FALSE,Noctuoidea,Erebidae,Herminiinae,NA,NA,Idia,rotundalis,Idia rotundalis,0,0,0,0
8393,FALSE,Noctuoidea,Erebidae,Herminiinae,NA,NA,Lascoria,ambigualis,Lascoria ambigualis,0,0,1,1
8357.1,FALSE,Noctuoidea,Erebidae,Herminiinae,NA,NA,Macrochilo,hypocritalis,Macrochilo hypocritalis,0,0,1,0
8361,FALSE,Noctuoidea,Erebidae,Herminiinae,NA,NA,Macrochilo,louisiana,Macrochilo louisiana,0,0,0,0
8360,FALSE,Noctuoidea,Erebidae,Herminiinae,NA,NA,Macrochilo,orciferalis,Macrochilo orciferalis,0,0,0,0
8359.1,FALSE,Noctuoidea,Erebidae,Herminiinae,NA,NA,Macrochilo,santerivalis,Macrochilo santerivalis,0,0,0,0
8397,FALSE,Noctuoidea,Erebidae,Herminiinae,NA,NA,Palthis,angulalis,Palthis angulalis,0,0,1,1
8398,FALSE,Noctuoidea,Erebidae,Herminiinae,NA,NA,Palthis,asopialis,Palthis asopialis,0,0,1,1
8364,FALSE,Noctuoidea,Erebidae,Herminiinae,NA,NA,Phalaenostola,larentioides,Phalaenostola larentioides,0,0,0,1
8401,FALSE,Noctuoidea,Erebidae,Herminiinae,NA,NA,Redectis,vitrea,Redectis vitrea,0,0,0,0
8386,FALSE,Noctuoidea,Erebidae,Herminiinae,NA,NA,Renia,adspergillus,Renia adspergillus,0,0,0,0
8381,FALSE,Noctuoidea,Erebidae,Herminiinae,NA,NA,Renia,discoloralis,Renia discoloralis,0,0,1,1
8385,FALSE,Noctuoidea,Erebidae,Herminiinae,NA,NA,Renia,fraternalis,Renia fraternalis,0,0,0,0
8380,FALSE,Noctuoidea,Erebidae,Herminiinae,NA,NA,Renia,nemoralis,Renia nemoralis,0,0,0,0
8378,FALSE,Noctuoidea,Erebidae,Herminiinae,NA,NA,Renia,salusalis,Renia salusalis,0,0,0,1
8387,FALSE,Noctuoidea,Erebidae,Herminiinae,NA,NA,Renia,sobrialis,Renia sobrialis,0,0,0,1
8368,FALSE,Noctuoidea,Erebidae,Herminiinae,NA,NA,Tetanolita,floridana,Tetanolita floridana,0,0,0,1
8366,FALSE,Noctuoidea,Erebidae,Herminiinae,NA,NA,Tetanolita,mynesalis,Tetanolita mynesalis,0,0,0,1
8346,FALSE,Noctuoidea,Erebidae,Herminiinae,NA,NA,Zanclognatha,atrilineella,Zanclognatha atrilineella,0,0,1,0
8340,FALSE,Noctuoidea,Erebidae,Herminiinae,NA,NA,Zanclognatha,lituralis,Zanclognatha lituralis,0,0,0,1
8352,FALSE,Noctuoidea,Erebidae,Herminiinae,NA,NA,Zanclognatha,marcidilinea,Zanclognatha marcidilinea,0,0,1,0
8347,FALSE,Noctuoidea,Erebidae,Herminiinae,NA,NA,Zanclognatha,obscuripennis,Zanclognatha obscuripennis,0,0,1,0
8341,FALSE,Noctuoidea,Erebidae,Herminiinae,NA,NA,Zanclognatha,theralis,Zanclognatha theralis,0,0,0,1
4013,FALSE,Papilionoidea,Hesperiidae,Hesperiinae,Hesperiini,NA,Hylephila,phyleus,Hylephila phyleus,0,0,0,0
3998,FALSE,Papilionoidea,Hesperiidae,Hesperiinae,Moncini,NA,Lerema,accius,Lerema accius,0,0,0,0
4119,FALSE,Papilionoidea,Hesperiidae,Hesperiinae,Calpodini,NA,Panoquina,ocola,Panoquina ocola,0,0,0,0
4116,FALSE,Papilionoidea,Hesperiidae,Hesperiinae,Calpodini,NA,Panoquina,panoquin,Panoquina panoquin,0,0,0,1
4064,FALSE,Papilionoidea,Hesperiidae,Hesperiinae,Hesperiini,NA,Poanes,viator,Poanes viator,0,0,0,1
4046,FALSE,Papilionoidea,Hesperiidae,Hesperiinae,Hesperiini,NA,Polites,otho,Polites otho,0,0,0,0
7995,FALSE,Noctuoidea,Notodontidae,Heterocampinae,NA,NA,Cecrita,biundata,Cecrita biundata,0,0,0,1
7994,FALSE,Noctuoidea,Notodontidae,Heterocampinae,NA,NA,Cecrita,guttivitta,Cecrita guttivitta,0,0,0,1
8007,FALSE,Noctuoidea,Notodontidae,Heterocampinae,NA,NA,Coelodasys,unicornis,Coelodasys unicornis,0,0,0,1
7977,FALSE,Noctuoidea,Notodontidae,Heterocampinae,NA,NA,Heterocampa,astarte,Heterocampa astarte,0,0,0,1
7983,FALSE,Noctuoidea,Notodontidae,Heterocampinae,NA,NA,Heterocampa,obliqua,Heterocampa obliqua,0,0,0,1
7990,FALSE,Noctuoidea,Notodontidae,Heterocampinae,NA,NA,Heterocampa,umbrata,Heterocampa umbrata,0,0,0,1
7982,FALSE,Noctuoidea,Notodontidae,Heterocampinae,NA,NA,Heterocampa,varia,Heterocampa varia,0,0,0,1
8022,FALSE,Noctuoidea,Notodontidae,Heterocampinae,NA,NA,Hyparpax,aurora,Hyparpax aurora,1,0,1,0
8017,FALSE,Noctuoidea,Notodontidae,Heterocampinae,NA,NA,Ianassa,lignicolor,Ianassa lignicolor,0,0,0,1
7998,FALSE,Noctuoidea,Notodontidae,Heterocampinae,NA,NA,Lochmaeus,manteo,Lochmaeus manteo,0,0,0,1
7975,FALSE,Noctuoidea,Notodontidae,Heterocampinae,NA,NA,Macrurocampa,marthesia,Macrurocampa marthesia,0,0,0,1
8012,FALSE,Noctuoidea,Notodontidae,Heterocampinae,NA,NA,Oedemasia,semirufescens,Oedemasia semirufescens,0,0,0,1
7985,FALSE,Noctuoidea,Notodontidae,Heterocampinae,NA,NA,Rifargia,subrotata,Rifargia subrotata,0,0,0,1
8005,FALSE,Noctuoidea,Notodontidae,Heterocampinae,NA,NA,Schizura,ipomaeae,Schizura ipomaeae,0,0,0,1
8411,FALSE,Noctuoidea,Erebidae,Hypeninae,NA,NA,Colobochyla,interpuncta,Colobochyla interpuncta,0,0,1,1
8442,FALSE,Noctuoidea,Erebidae,Hypeninae,NA,NA,Hypena,baltimoralis,Hypena baltimoralis,0,0,1,1
8459,FALSE,Noctuoidea,Erebidae,Hypeninae,NA,NA,Hypena,degesalis,Hypena degesalis,0,0,1,0
8455,FALSE,Noctuoidea,Erebidae,Hypeninae,NA,NA,Hypena,eductalis,Hypena eductalis,0,0,1,0
8447,FALSE,Noctuoidea,Erebidae,Hypeninae,NA,NA,Hypena,madefactalis,Hypena madefactalis,0,0,0,0
8441,FALSE,Noctuoidea,Erebidae,Hypeninae,NA,NA,Hypena,manalis,Hypena manalis,0,0,1,1
8444,FALSE,Noctuoidea,Erebidae,Hypeninae,NA,NA,Hypena,palparia,Hypena palparia,0,0,0,1
8465,FALSE,Noctuoidea,Erebidae,Hypeninae,NA,NA,Hypena,scabra,Hypena scabra,0,0,0,1
8412,FALSE,Noctuoidea,Erebidae,Hypeninae,NA,NA,Melanomma,auricinctaria,Melanomma auricinctaria,0,0,0,1
8428,FALSE,Noctuoidea,Erebidae,Hypenodinae,NA,NA,Dyspyralis,nigellus,Dyspyralis nigellus,0,0,0,1
8431,FALSE,Noctuoidea,Erebidae,Hypenodinae,NA,NA,Schrankia,macula,Schrankia macula,0,0,1,1
8528,FALSE,Noctuoidea,Erebidae,Hypocalinae,NA,NA,Hypsoropha,hormos,Hypsoropha hormos,0,0,1,0
8527,FALSE,Noctuoidea,Erebidae,Hypocalinae,NA,NA,Hypsoropha,monilis,Hypsoropha monilis,0,0,1,0
2668,FALSE,Cossoidea,Cossidae,Hypoptinae,NA,NA,Givira,anna,Givira anna,0,0,0,0
2671,FALSE,Cossoidea,Cossidae,Hypoptinae,NA,NA,Givira,francesca,Givira francesca,0,0,0,1
2659,FALSE,Cossoidea,Cossidae,Hypoptinae,NA,NA,Inguromorpha,basalis,Inguromorpha basalis,0,0,0,1
7637,FALSE,Geometroidea,Geometridae,Larentiinae,Trichopterygini,NA,Cladara,limitaria,Cladara limitaria,0,0,0,1
7416,FALSE,Geometroidea,Geometridae,Larentiinae,Xanthorhoini,NA,Costaconvexa,centrostrigaria,Costaconvexa centrostrigaria,0,0,0,1
7417,FALSE,Geometroidea,Geometridae,Larentiinae,Xanthorhoini,NA,Disclisioprocta,stellata,Disclisioprocta stellata,0,0,0,1
7648,FALSE,Geometroidea,Geometridae,Larentiinae,Dyspteridini,NA,Dyspteris,abortivaria,Dyspteris abortivaria,0,0,1,0
7440,FALSE,Geometroidea,Geometridae,Larentiinae,Eudulini,NA,Eubaphe,mendica,Eubaphe mendica,0,0,0,1
7441,FALSE,Geometroidea,Geometridae,Larentiinae,Eudulini,NA,Eubaphe,meridiana,Eubaphe meridiana,0,0,0,1
7196,FALSE,Geometroidea,Geometridae,Larentiinae,Cidariini,NA,Eulithis,diversilineata,Eulithis diversilineata,0,0,0,1
7197,FALSE,Geometroidea,Geometridae,Larentiinae,Cidariini,NA,Eulithis,gracilineata,Eulithis gracilineata,0,0,0,1
7239,FALSE,Geometroidea,Geometridae,Larentiinae,Hydriomenini,NA,Hydriomena,pluviata,Hydriomena pluviata,0,0,0,1
7414,FALSE,Geometroidea,Geometridae,Larentiinae,Xanthorhoini,NA,Orthonama,obstipata,Orthonama obstipata,0,0,0,1
7701,FALSE,Lasiocampoidea,Lasiocampidae,Lasiocampinae,Lasiocampini,NA,Malacosoma,americana,Malacosoma americana,0,0,1,0
7698,FALSE,Lasiocampoidea,Lasiocampidae,Lasiocampinae,Lasiocampini,NA,Malacosoma,disstria,Malacosoma disstria,0,0,1,0
7687,FALSE,Lasiocampoidea,Lasiocampidae,Lasiocampinae,Gastropachini,NA,Phyllodesma,americana,Phyllodesma americana,0,0,0,1
4700,FALSE,Zygaenoidea,Limacodidae,Limacodinae,NA,NA,Acharia,stimulea,Acharia stimulea,0,0,0,0
4685,TRUE,Zygaenoidea,Limacodidae,Limacodinae,NA,NA,Adoneta,spinuloides,Adoneta spinuloides,0,0,0,1
4669,FALSE,Zygaenoidea,Limacodidae,Limacodinae,NA,NA,Apoda,biguttata,Apoda biguttata,0,0,0,1
4668,FALSE,Zygaenoidea,Limacodidae,Limacodinae,NA,NA,Apoda,rectilinea,Apoda rectilinea,0,0,1,0
4667,FALSE,Zygaenoidea,Limacodidae,Limacodinae,NA,NA,Apoda,y-inversa,Apoda y-inversa,0,0,1,0
4697,FALSE,Zygaenoidea,Limacodidae,Limacodinae,NA,NA,Euclea,delphinii,Euclea delphinii,0,0,0,1
4697.1,FALSE,Zygaenoidea,Limacodidae,Limacodinae,NA,NA,Euclea,nanina,Euclea nanina,0,0,0,1
4657,FALSE,Zygaenoidea,Limacodidae,Limacodinae,NA,NA,Heterogenea,shurtleffi,Heterogenea shurtleffi,0,0,0,0
4681,FALSE,Zygaenoidea,Limacodidae,Limacodinae,NA,NA,Isa,textula,Isa textula,0,0,0,0
4675,FALSE,Zygaenoidea,Limacodidae,Limacodinae,NA,NA,Isochaetes,beutenmuelleri,Isochaetes beutenmuelleri,0,0,0,1
4665,FALSE,Zygaenoidea,Limacodidae,Limacodinae,NA,NA,Lithacodes,fasciola,Lithacodes fasciola,0,0,1,0
4691,FALSE,Zygaenoidea,Limacodidae,Limacodinae,NA,NA,Monoleuca,semifascia,Monoleuca semifascia,0,0,1,0
4679,FALSE,Zygaenoidea,Limacodidae,Limacodinae,NA,NA,Natada,nasoni,Natada nasoni,0,0,1,0
4698,FALSE,Zygaenoidea,Limacodidae,Limacodinae,NA,NA,Parasa,chloris,Parasa chloris,0,0,1,0
4699,FALSE,Zygaenoidea,Limacodidae,Limacodinae,NA,NA,Parasa,indetermina,Parasa indetermina,0,0,1,0
4677,FALSE,Zygaenoidea,Limacodidae,Limacodinae,NA,NA,Phobetron,pithecium,Phobetron pithecium,0,0,0,1
4671,FALSE,Zygaenoidea,Limacodidae,Limacodinae,NA,NA,Prolimacodes,badia,Prolimacodes badia,0,0,1,0
4653,FALSE,Zygaenoidea,Limacodidae,Limacodinae,NA,NA,Tortricidia,pallida,Tortricidia pallida,0,0,0,0
8296,FALSE,Noctuoidea,Erebidae,Lymantriinae,Orgyiini,NA,Dasychira,basiflava,Dasychira basiflava,0,0,0,1
8303,FALSE,Noctuoidea,Erebidae,Lymantriinae,Orgyiini,NA,Dasychira,dominickaria,Dasychira dominickaria,0,0,0,1
8307,FALSE,Noctuoidea,Erebidae,Lymantriinae,Orgyiini,NA,Dasychira,manto,Dasychira manto,0,0,0,1
8298,FALSE,Noctuoidea,Erebidae,Lymantriinae,Orgyiini,NA,Dasychira,meridionalis,Dasychira meridionalis,0,0,0,1
8305,FALSE,Noctuoidea,Erebidae,Lymantriinae,Orgyiini,NA,Dasychira,pinicola,Dasychira pinicola,0,0,0,1
8292,FALSE,Noctuoidea,Erebidae,Lymantriinae,Orgyiini,NA,Dasychira,tephra,Dasychira tephra,0,0,0,1
8313,FALSE,Noctuoidea,Erebidae,Lymantriinae,Orgyiini,NA,Orgyia,detrita,Orgyia detrita,0,0,0,1
8316,FALSE,Noctuoidea,Erebidae,Lymantriinae,Orgyiini,NA,Orgyia,leucostigma,Orgyia leucostigma,0,0,0,1
7873,FALSE,Bombycoidea,Sphingidae,Macroglossinae,Macroglossini,NA,Amphion,floridensis,Amphion floridensis,1,0,1,1
7885,FALSE,Bombycoidea,Sphingidae,Macroglossinae,Macroglossini,NA,Darapsa,myron,Darapsa myron,0,0,1,0
7871,FALSE,Bombycoidea,Sphingidae,Macroglossinae,Macroglossini,NA,Deidamia,inscriptum,Deidamia inscriptum,0,0,0,1
7851,FALSE,Bombycoidea,Sphingidae,Macroglossinae,Dilophonotini,NA,Enyo,lugubris,Enyo lugubris,0,0,0,1
7865,FALSE,Bombycoidea,Sphingidae,Macroglossinae,Philampelini,NA,Eumorpha,fasciatus,Eumorpha fasciatus,1,0,0,0
7890,FALSE,Bombycoidea,Sphingidae,Macroglossinae,Macroglossini,NA,Xylophanes,tersa,Xylophanes tersa,0,0,0,0
4647,FALSE,Zygaenoidea,Megalopygidae,Megalopyginae,NA,NA,Megalopyge,opercularis,Megalopyge opercularis,0,0,0,0
4642,FALSE,Zygaenoidea,Megalopygidae,Megalopyginae,NA,NA,Megalopyge,pyxidifera,Megalopyge pyxidifera,0,0,0,0
9725,FALSE,Noctuoidea,Noctuidae,Metoponiinae,NA,NA,Azenia,obtusa,Azenia obtusa,0,0,0,1
7662,FALSE,Mimallonoidea,Mimallonidae,Mimalloninae,NA,NA,Cicinnus,melsheimeri,Cicinnus melsheimeri,0,0,0,0
7659,FALSE,Mimallonoidea,Mimallonidae,Mimalloninae,NA,NA,Lacosoma,chiridota,Lacosoma chiridota,0,0,0,0
NA,FALSE,NA,NA,NA,NA,NA,NA,NA,Ablemma brimleyana,NA,NA,NA,NA
NA,FALSE,NA,NA,NA,NA,NA,NA,NA,Acrolophus mycetophagous,NA,NA,NA,NA
NA,TRUE,NA,NA,NA,NA,NA,NA,NA,Acrolophus sp,NA,NA,NA,NA
NA,TRUE,NA,NA,NA,NA,NA,NA,NA,Acronicta sp,NA,NA,NA,NA
NA,TRUE,NA,NA,NA,NA,NA,NA,NA,Aethes sp,NA,NA,NA,NA
NA,TRUE,NA,NA,NA,NA,NA,NA,NA,Amolita sp,NA,NA,NA,NA
NA,FALSE,NA,NA,NA,NA,NA,NA,NA,Apantesis CHECK,NA,NA,NA,NA
NA,TRUE,NA,NA,NA,NA,NA,NA,NA,Apantesis sp,NA,NA,NA,NA
NA,FALSE,NA,NA,NA,NA,NA,NA,NA,Apantesisvittata Apantesisvittata,NA,NA,NA,NA
NA,TRUE,NA,NA,NA,NA,NA,NA,NA,Apentesis sp,NA,NA,NA,NA
NA,FALSE,NA,NA,NA,NA,NA,NA,NA,Apoda/Lithocodes Check!!!,NA,NA,NA,NA
NA,TRUE,NA,NA,NA,NA,NA,NA,NA,Argyrostrotis sp,NA,NA,NA,NA
NA,FALSE,NA,NA,NA,NA,NA,NA,NA,Artace cribraria,NA,NA,NA,NA
NA,FALSE,NA,NA,NA,NA,NA,NA,NA,Bellura obliqua/anoa,NA,NA,NA,NA
NA,TRUE,NA,NA,NA,NA,NA,NA,NA,Bellura sp,NA,NA,NA,NA
NA,TRUE,NA,NA,NA,NA,NA,NA,NA,Bleptina sp,NA,NA,NA,NA
NA,TRUE,NA,NA,NA,NA,NA,NA,NA,Catocala sp,NA,NA,NA,NA
NA,TRUE,NA,NA,NA,NA,NA,NA,NA,Cecrita sp,NA,NA,NA,NA
NA,FALSE,NA,NA,NA,NA,NA,NA,NA,Cherokeea gabriella,NA,NA,NA,NA
NA,FALSE,NA,NA,NA,NA,NA,NA,NA,Cherokeea slottoni,NA,NA,NA,NA
NA,TRUE,NA,NA,NA,NA,NA,NA,NA,Cherokeea sp,NA,NA,NA,NA
NA,TRUE,NA,NA,NA,NA,NA,NA,NA,Clemensia sp,NA,NA,NA,NA
NA,TRUE,NA,NA,NA,NA,NA,NA,NA,Cleora sp,NA,NA,NA,NA
NA,TRUE,NA,NA,NA,NA,NA,NA,NA,Crambidae sp,NA,NA,NA,NA
NA,TRUE,NA,NA,NA,NA,NA,NA,NA,Crambidia sp,NA,NA,NA,NA
NA,TRUE,NA,NA,NA,NA,NA,NA,NA,Cutina sp,NA,NA,NA,NA
NA,TRUE,NA,NA,NA,NA,NA,NA,NA,Dasychira sp,NA,NA,NA,NA
NA,TRUE,NA,NA,NA,NA,NA,NA,NA,Datana sp,NA,NA,NA,NA
NA,TRUE,NA,NA,NA,NA,NA,NA,NA,Dichomeris sp,NA,NA,NA,NA
NA,TRUE,NA,NA,NA,NA,NA,NA,NA,Elaphria sp,NA,NA,NA,NA
NA,TRUE,NA,NA,NA,NA,NA,NA,NA,Erebidae sp,NA,NA,NA,NA
NA,TRUE,NA,NA,NA,NA,NA,NA,NA,Euchlaena sp,NA,NA,NA,NA
NA,TRUE,NA,NA,NA,NA,NA,NA,NA,Eulithis sp,NA,NA,NA,NA
NA,TRUE,NA,NA,NA,NA,NA,NA,NA,Eulithis sp.,NA,NA,NA,NA
NA,TRUE,NA,NA,NA,NA,NA,NA,NA,Eupethecia sp,NA,NA,NA,NA
NA,TRUE,NA,NA,NA,NA,NA,NA,NA,Eupithecia sp,NA,NA,NA,NA
NA,FALSE,NA,NA,NA,NA,NA,NA,NA,Exilis pyrolaria,NA,NA,NA,NA
NA,TRUE,NA,NA,NA,NA,NA,NA,NA,Gabara sp,NA,NA,NA,NA
NA,TRUE,NA,NA,NA,NA,NA,NA,NA,Geometridae sp,NA,NA,NA,NA
NA,FALSE,NA,NA,NA,NA,NA,NA,NA,Hemeroplanes habilis,NA,NA,NA,NA
NA,FALSE,NA,NA,NA,NA,NA,NA,NA,Hemeroplanes habitilis,NA,NA,NA,NA
NA,TRUE,NA,NA,NA,NA,NA,NA,NA,Hermiinae sp,NA,NA,NA,NA
NA,TRUE,NA,NA,NA,NA,NA,NA,NA,Herminiinae sp,NA,NA,NA,NA
NA,TRUE,NA,NA,NA,NA,NA,NA,NA,Hermininae sp,NA,NA,NA,NA
NA,TRUE,NA,NA,NA,NA,NA,NA,NA,Hesperiidae sp,NA,NA,NA,NA
NA,TRUE,NA,NA,NA,NA,NA,NA,NA,Hydriomena sp,NA,NA,NA,NA
NA,FALSE,NA,NA,NA,NA,NA,NA,NA,Hypagyrtis unipunctatata,NA,NA,NA,NA
NA,TRUE,NA,NA,NA,NA,NA,NA,NA,Hypargytis sp,NA,NA,NA,NA
NA,TRUE,NA,NA,NA,NA,NA,NA,NA,Hypena sp,NA,NA,NA,NA
NA,TRUE,NA,NA,NA,NA,NA,NA,NA,Hypena spp - torn up,NA,NA,NA,NA
NA,FALSE,NA,NA,NA,NA,NA,NA,NA,Hypenopsis calusa,NA,NA,NA,NA
NA,TRUE,NA,NA,NA,NA,NA,NA,NA,Hyperstrotia sp,NA,NA,NA,NA
NA,TRUE,NA,NA,NA,NA,NA,NA,NA,Hypsopygia sp,NA,NA,NA,NA
NA,TRUE,NA,NA,NA,NA,NA,NA,NA,Idaea sp,NA,NA,NA,NA
NA,FALSE,NA,NA,NA,NA,NA,NA,NA,Idia forbesii/julia,NA,NA,NA,NA
NA,TRUE,NA,NA,NA,NA,NA,NA,NA,Idia sp,NA,NA,NA,NA
NA,TRUE,NA,NA,NA,NA,NA,NA,NA,Iridopsis sp,NA,NA,NA,NA
NA,FALSE,NA,NA,NA,NA,NA,NA,NA,Lethe creola?,NA,NA,NA,NA
NA,TRUE,NA,NA,NA,NA,NA,NA,NA,Leucania sp,NA,NA,NA,NA
NA,TRUE,NA,NA,NA,NA,NA,NA,NA,Limacodidae sp,NA,NA,NA,NA
NA,TRUE,NA,NA,NA,NA,NA,NA,NA,Lithacodia n. sp.,NA,NA,NA,NA
NA,FALSE,NA,NA,NA,NA,NA,NA,NA,Lithacodia nsp,NA,NA,NA,NA
NA,TRUE,NA,NA,NA,NA,NA,NA,NA,Lithacodia sp,NA,NA,NA,NA
NA,TRUE,NA,NA,NA,NA,NA,NA,NA,Macaria sp,NA,NA,NA,NA
NA,TRUE,NA,NA,NA,NA,NA,NA,NA,Macrochilo sp,NA,NA,NA,NA
NA,TRUE,NA,NA,NA,NA,NA,NA,NA,Meganola sp,NA,NA,NA,NA
NA,TRUE,NA,NA,NA,NA,NA,NA,NA,Melalectra sp,NA,NA,NA,NA
NA,TRUE,NA,NA,NA,NA,NA,NA,NA,Melannoma? sp,NA,NA,NA,NA
NA,TRUE,NA,NA,NA,NA,NA,NA,NA,Metalectra sp,NA,NA,NA,NA
NA,TRUE,NA,NA,NA,NA,NA,NA,NA,Micro sp,NA,NA,NA,NA
NA,TRUE,NA,NA,NA,NA,NA,NA,NA,Mocis sp,NA,NA,NA,NA
NA,TRUE,NA,NA,NA,NA,NA,NA,NA,NA sp,NA,NA,NA,NA
NA,TRUE,NA,NA,NA,NA,NA,NA,NA,NA sp.,NA,NA,NA,NA
NA,TRUE,NA,NA,NA,NA,NA,NA,NA,Nemoria sp,NA,NA,NA,NA
NA,TRUE,NA,NA,NA,NA,NA,NA,NA,Noctuidae sp,NA,NA,NA,NA
NA,FALSE,NA,NA,NA,NA,NA,NA,NA,Noctuidaesp Noctuidaesp,NA,NA,NA,NA
NA,TRUE,NA,NA,NA,NA,NA,NA,NA,Nola sp,NA,NA,NA,NA
NA,TRUE,NA,NA,NA,NA,NA,NA,NA,Nolidae sp,NA,NA,NA,NA
NA,TRUE,NA,NA,NA,NA,NA,NA,NA,Notodontidae sp,NA,NA,NA,NA
NA,TRUE,NA,NA,NA,NA,NA,NA,NA,Orgyia sp,NA,NA,NA,NA
NA,FALSE,NA,NA,NA,NA,NA,NA,NA,Orgyia unk-worn,NA,NA,NA,NA
NA,TRUE,NA,NA,NA,NA,NA,NA,NA,Orygia sp,NA,NA,NA,NA
NA,TRUE,NA,NA,NA,NA,NA,NA,NA,Papaipema speciossima,NA,NA,NA,NA
NA,TRUE,NA,NA,NA,NA,NA,NA,NA,Phytometra sp,NA,NA,NA,NA
NA,TRUE,NA,NA,NA,NA,NA,NA,NA,Polites sp,NA,NA,NA,NA
NA,TRUE,NA,NA,NA,NA,NA,NA,NA,Polygrammate sp,NA,NA,NA,NA
NA,TRUE,NA,NA,NA,NA,NA,NA,NA,Psychidae sp,NA,NA,NA,NA
NA,FALSE,NA,NA,NA,NA,NA,NA,NA,Renia salsulis/fraternalis,NA,NA,NA,NA
NA,TRUE,NA,NA,NA,NA,NA,NA,NA,Renia sp,NA,NA,NA,NA
NA,TRUE,NA,NA,NA,NA,NA,NA,NA,Renia sp.,NA,NA,NA,NA
NA,TRUE,NA,NA,NA,NA,NA,NA,NA,Renia sp. worn,NA,NA,NA,NA
NA,FALSE,NA,NA,NA,NA,NA,NA,NA,Scopula lauteria,NA,NA,NA,NA
NA,TRUE,NA,NA,NA,NA,NA,NA,NA,Spodoptera sp,NA,NA,NA,NA
NA,FALSE,NA,NA,NA,NA,NA,NA,NA,Synthedon arkensasensis,NA,NA,NA,NA
NA,TRUE,NA,NA,NA,NA,NA,NA,NA,Tetanolita sp,NA,NA,NA,NA
NA,FALSE,NA,NA,NA,NA,NA,NA,NA,Thyridopteryx ephmeraeformis,NA,NA,NA,NA
NA,TRUE,NA,NA,NA,NA,NA,NA,NA,Tolype sp,NA,NA,NA,NA
NA,TRUE,NA,NA,NA,NA,NA,NA,NA,Tortricidia? sp,NA,NA,NA,NA
NA,TRUE,NA,NA,NA,NA,NA,NA,NA,Tremula sp,NA,NA,NA,NA
NA,TRUE,NA,NA,NA,NA,NA,NA,NA,Virbia sp,NA,NA,NA,NA
NA,FALSE,NA,NA,NA,NA,NA,NA,NA,Zalesp Zalesp,NA,NA,NA,NA
NA,TRUE,NA,NA,NA,NA,NA,NA,NA,Zanclognatha sp,NA,NA,NA,NA
NA,FALSE,NA,NA,NA,NA,NA,NA,NA,idaea tacturata,NA,NA,NA,NA
NA,TRUE,NA,NA,NA,NA,NA,NA,NA,micro sp,NA,NA,NA,NA
NA,TRUE,NA,NA,NA,NA,NA,NA,NA,unk sp,NA,NA,NA,NA
9520,FALSE,Noctuoidea,Noctuidae,Noctuinae,Apameini,NA,Achatodes,zeae,Achatodes zeae,0,0,0,1
9636,FALSE,Noctuoidea,Noctuidae,Noctuinae,Phosphilini,NA,Acherdoa,ferraria,Acherdoa ferraria,0,0,0,1
9520.1,FALSE,Noctuoidea,Noctuidae,Noctuinae,Apameini,NA,Acrapex,relicta,Acrapex relicta,0,0,0,1
10663,FALSE,Noctuoidea,Noctuidae,Noctuinae,Noctuini,Agrotina,Agrotis,ipsilon,Agrotis ipsilon,0,0,0,1
10651,FALSE,Noctuoidea,Noctuidae,Noctuinae,Noctuini,Agrotina,Agrotis,venerabilis,Agrotis venerabilis,0,0,0,1
10641,FALSE,Noctuoidea,Noctuidae,Noctuinae,Noctuini,Agrotina,Agrotis,vetusta,Agrotis vetusta,0,0,0,0
10903,FALSE,Noctuoidea,Noctuidae,Noctuinae,Noctuini,Agrotina,Anicla,illapsa,Anicla illapsa,0,0,1,1
10911,FALSE,Noctuoidea,Noctuidae,Noctuinae,Noctuini,Agrotina,Anicla,infecta,Anicla infecta,0,0,1,1
10901,FALSE,Noctuoidea,Noctuidae,Noctuinae,Noctuini,Agrotina,Anicla,lubricans,Anicla lubricans,0,0,1,1
9650,FALSE,Noctuoidea,Noctuidae,Noctuinae,Caradrinini,Athetiina,Athetis,tarda,Athetis tarda,0,0,0,1
9524,FALSE,Noctuoidea,Noctuidae,Noctuinae,Arzamini,NA,Bellura,brehmei,Bellura brehmei,0,0,1,1
9526,FALSE,Noctuoidea,Noctuidae,Noctuinae,Arzamini,NA,Bellura,densa,Bellura densa,0,0,0,1
10994,FALSE,Noctuoidea,Noctuidae,Noctuinae,Noctuini,Noctuina,Cerastis,tenebrifera,Cerastis tenebrifera,0,0,0,1
9948.1,FALSE,Noctuoidea,Noctuidae,Noctuinae,Xylenini,Xylenina,Chaetaglaea,fergusoni,Chaetaglaea fergusoni,0,0,0,0
9950,FALSE,Noctuoidea,Noctuidae,Noctuinae,Xylenini,Xylenina,Chaetaglaea,sericea,Chaetaglaea sericea,0,0,0,0
9949,FALSE,Noctuoidea,Noctuidae,Noctuinae,Xylenini,Xylenina,Chaetaglaea,tremula,Chaetaglaea tremula,0,0,0,0
10998,FALSE,Noctuoidea,Noctuidae,Noctuinae,Noctuini,Noctuina,Choephora,fungorum,Choephora fungorum,0,0,0,0
9556,FALSE,Noctuoidea,Noctuidae,Noctuinae,Elaphriini,NA,Chytonix,palliatricula,Chytonix palliatricula,0,0,0,1
9557,FALSE,Noctuoidea,Noctuidae,Noctuinae,Elaphriini,NA,Chytonix,sensilis,Chytonix sensilis,0,0,0,1
10434,FALSE,Noctuoidea,Noctuidae,Noctuinae,Hadenini,NA,Dargida,rubripennis,Dargida rubripennis,0,0,1,0
9561,FALSE,Noctuoidea,Noctuidae,Noctuinae,Drypterygiini,NA,Dypterygia,patina,Dypterygia patina,0,0,0,1
10517,FALSE,Noctuoidea,Noctuidae,Noctuinae,Orthosiini,NA,Egira,alternans,Egira alternans,0,0,0,1
9679,FALSE,Noctuoidea,Noctuidae,Noctuinae,Elaphriini,NA,Elaphria,chalcedonia,Elaphria chalcedonia,0,0,0,1
9681,FALSE,Noctuoidea,Noctuidae,Noctuinae,Elaphriini,NA,Elaphria,festivoides,Elaphria festivoides,0,0,0,1
9675,FALSE,Noctuoidea,Noctuidae,Noctuinae,Elaphriini,NA,Elaphria,fuscimacula,Elaphria fuscimacula,0,0,0,1
9680,FALSE,Noctuoidea,Noctuidae,Noctuinae,Elaphriini,NA,Elaphria,georgei,Elaphria georgei,0,0,1,1
9684,FALSE,Noctuoidea,Noctuidae,Noctuinae,Elaphriini,NA,Elaphria,grata,Elaphria grata,0,0,0,1
9676,FALSE,Noctuoidea,Noctuidae,Noctuinae,Elaphriini,NA,Elaphria,nucicolora,Elaphria nucicolora,0,0,0,0
9678,FALSE,Noctuoidea,Noctuidae,Noctuinae,Elaphriini,NA,Elaphria,versicolor,Elaphria versicolor,0,0,0,1
9947,FALSE,Noctuoidea,Noctuidae,Noctuinae,Xylenini,Xylenina,Epiglaea,apiata,Epiglaea apiata,0,0,0,0
10694,FALSE,Noctuoidea,Noctuidae,Noctuinae,Noctuini,Agrotina,Eucoptocnemis,fimbriaris,Eucoptocnemis fimbriaris,0,0,0,1
9629,FALSE,Noctuoidea,Noctuidae,Noctuinae,Xylenini incertae sedis,NA,Fagitana,littera,Fagitana littera,0,0,0,0
10664,FALSE,Noctuoidea,Noctuidae,Noctuinae,Noctuini,Agrotina,Feltia,subterranea,Feltia subterranea,0,0,0,1
10675,FALSE,Noctuoidea,Noctuidae,Noctuinae,Noctuini,Agrotina,Feltia,tricosa,Feltia tricosa,0,0,0,1
9444,FALSE,Noctuoidea,Noctuidae,Noctuinae,Apameini,NA,Franclemontia,interrogans,Franclemontia interrogans,0,0,0,1
9688,FALSE,Noctuoidea,Noctuidae,Noctuinae,Elaphriini,NA,Galgula,partita,Galgula partita,0,0,0,1
9449,FALSE,Noctuoidea,Noctuidae,Noctuinae,Apameini,NA,Globia,oblonga,Globia oblonga,0,0,0,0
9522,FALSE,Noctuoidea,Noctuidae,Noctuinae,Actinotiini,NA,Iodopepla,u-album,Iodopepla u-album,0,0,0,1
9552,FALSE,Noctuoidea,Noctuidae,Noctuinae,Xylenini,Cosmiina,Ipimorpha,nanaimo,Ipimorpha nanaimo,0,0,0,0
10411,FALSE,Noctuoidea,Noctuidae,Noctuinae,Eriopygini,NA,Lacinipolia,laudabilis,Lacinipolia laudabilis,0,0,0,1
10368,FALSE,Noctuoidea,Noctuidae,Noctuinae,Eriopygini,NA,Lacinipolia,meditata,Lacinipolia meditata,0,0,0,1
10456,FALSE,Noctuoidea,Noctuidae,Noctuinae,Leucaniini,NA,Leucania,adjuta,Leucania adjuta,0,0,0,0
10460,FALSE,Noctuoidea,Noctuidae,Noctuinae,Leucaniini,NA,Leucania,calidior,Leucania calidior,0,0,0,0
10450,FALSE,Noctuoidea,Noctuidae,Noctuinae,Leucaniini,NA,Leucania,incognita,Leucania incognita,0,0,0,1
10459,FALSE,Noctuoidea,Noctuidae,Noctuinae,Leucaniini,NA,Leucania,inermis,Leucania inermis,0,0,0,1
10440,FALSE,Noctuoidea,Noctuidae,Noctuinae,Leucaniini,NA,Leucania,linita,Leucania linita,0,0,0,0
10455,FALSE,Noctuoidea,Noctuidae,Noctuinae,Leucaniini,NA,Leucania,scirpicola,Leucania scirpicola,0,0,0,0
10453.1,FALSE,Noctuoidea,Noctuidae,Noctuinae,Leucaniini,NA,Leucania,subpunctata,Leucania subpunctata,0,0,0,0
9928.1,FALSE,Noctuoidea,Noctuidae,Noctuinae,Xylenini,Xylenina,Lithophane,abita,Lithophane abita,0,0,0,1
9899,FALSE,Noctuoidea,Noctuidae,Noctuinae,Xylenini,Xylenina,Lithophane,lemmeri,Lithophane lemmeri,0,0,0,1
9886,FALSE,Noctuoidea,Noctuidae,Noctuinae,Xylenini,Xylenina,Lithophane,patefacta,Lithophane patefacta,0,0,0,1
9905,FALSE,Noctuoidea,Noctuidae,Noctuinae,Xylenini,Xylenina,Lithophane,viridipallens,Lithophane viridipallens,0,0,0,1
9637.1,FALSE,Noctuoidea,Noctuidae,Noctuinae,Drypterygiini,NA,Magusa,divaricata,Magusa divaricata,0,0,0,1
9425,FALSE,Noctuoidea,Noctuidae,Noctuinae,Apameini,NA,Meropleon,cosmion,Meropleon cosmion,0,0,0,1
9406,FALSE,Noctuoidea,Noctuidae,Noctuinae,Apameini,NA,Mesapamea,fractilinea,Mesapamea fractilinea,0,0,0,1
9945.1,FALSE,Noctuoidea,Noctuidae,Noctuinae,Xylenini,Xylenina,Metaxaglaea,australis,Metaxaglaea australis,0,0,0,0
9945,FALSE,Noctuoidea,Noctuidae,Noctuinae,Xylenini,Xylenina,Metaxaglaea,semitaria,Metaxaglaea semitaria,0,0,0,0
9944,FALSE,Noctuoidea,Noctuidae,Noctuinae,Xylenini,Xylenina,Metaxaglaea,viatica,Metaxaglaea viatica,0,0,0,0
9945.2,FALSE,Noctuoidea,Noctuidae,Noctuinae,Xylenini,Xylenina,Metaxaglaea,violacea,Metaxaglaea violacea,0,0,0,0
10521,FALSE,Noctuoidea,Noctuidae,Noctuinae,Orthosiini,NA,Morrisonia,confusa,Morrisonia confusa,0,0,0,1
10519,FALSE,Noctuoidea,Noctuidae,Noctuinae,Orthosiini,NA,Morrisonia,mucens,Morrisonia mucens,0,0,0,1
10438,FALSE,Noctuoidea,Noctuidae,Noctuinae,Leucaniini,NA,Mythimna,unipuncta,Mythimna unipuncta,0,0,0,0
11003.1,FALSE,Noctuoidea,Noctuidae,Noctuinae,Noctuini,Noctuina,Noctua,pronuba,Noctua pronuba,1,0,0,1
10585,FALSE,Noctuoidea,Noctuidae,Noctuinae,Eriopygini,NA,Orthodes,majuscula,Orthodes majuscula,0,0,0,1
10491,FALSE,Noctuoidea,Noctuidae,Noctuinae,Orthosiini,NA,Orthosia,alurina,Orthosia alurina,0,0,0,1
9465,FALSE,Noctuoidea,Noctuidae,Noctuinae,Apameini,NA,Papaipema,duovata,Papaipema duovata,0,0,0,1
9482,TRUE,Noctuoidea,Noctuidae,Noctuinae,Apameini,NA,Papaipema,speciosissima,Papaipema speciosissima,0,0,0,1
9481,FALSE,Noctuoidea,Noctuidae,Noctuinae,Apameini,NA,Papaipema,stenocelis,Papaipema stenocelis,0,0,0,1
9463,FALSE,Noctuoidea,Noctuidae,Noctuinae,Apameini,NA,Parapamea,buffaloensis,Parapamea buffaloensis,0,0,0,1
10915,FALSE,Noctuoidea,Noctuidae,Noctuinae,Noctuini,Agrotina,Peridroma,saucia,Peridroma saucia,0,0,0,1
9547,FALSE,Noctuoidea,Noctuidae,Noctuinae,Phlogophorini,NA,Phlogophora,periculosa,Phlogophora periculosa,0,0,0,1
9619,FALSE,Noctuoidea,Noctuidae,Noctuinae,Phosphilini,NA,Phosphila,miselioides,Phosphila miselioides,0,0,0,1
9618,FALSE,Noctuoidea,Noctuidae,Noctuinae,Phosphilini,NA,Phosphila,turbulenta,Phosphila turbulenta,0,0,0,1
9441,FALSE,Noctuoidea,Noctuidae,Noctuinae,Apameini,NA,Photedes,enervata,Photedes enervata,0,0,0,0
9592,FALSE,Noctuoidea,Noctuidae,Noctuinae,Xylenini incertae sedis,NA,Properigea,tapeta,Properigea tapeta,0,0,0,1
9671,FALSE,Noctuoidea,Noctuidae,Noctuinae,Prodeniini,NA,Spodoptera,dolichos,Spodoptera dolichos,0,0,0,1
9665,FALSE,Noctuoidea,Noctuidae,Noctuinae,Prodeniini,NA,Spodoptera,exigua,Spodoptera exigua,0,0,0,1
9666,FALSE,Noctuoidea,Noctuidae,Noctuinae,Prodeniini,NA,Spodoptera,frugiperda,Spodoptera frugiperda,0,0,0,1
9669,FALSE,Noctuoidea,Noctuidae,Noctuinae,Prodeniini,NA,Spodoptera,ornithogalli,Spodoptera ornithogalli,0,0,0,1
9957,FALSE,Noctuoidea,Noctuidae,Noctuinae,Xylenini,Xylenina,Sunira,bicolorago,Sunira bicolorago,0,0,0,1
9989,FALSE,Noctuoidea,Noctuidae,Noctuinae,Xylenini,Antitypina,Sutyna,privata,Sutyna privata,0,0,0,1
10627,FALSE,Noctuoidea,Noctuidae,Noctuinae,Eriopygini,NA,Tricholita,signata,Tricholita signata,0,0,0,1
10567,FALSE,Noctuoidea,Noctuidae,Noctuinae,Eriopygini,NA,Ulolonche,culea,Ulolonche culea,0,0,0,0
10640,FALSE,Noctuoidea,Noctuidae,Noctuinae,Glottulini,NA,Xanthopastis,regnatrix,Xanthopastis regnatrix,1,0,0,1
10942,FALSE,Noctuoidea,Noctuidae,Noctuinae,Noctuini,Noctuina,Xestia,c-nigrum,Xestia c-nigrum,0,0,0,1
10969,FALSE,Noctuoidea,Noctuidae,Noctuinae,Noctuini,Noctuina,Xestia,dilucida,Xestia dilucida,0,0,0,1
10967,FALSE,Noctuoidea,Noctuidae,Noctuinae,Noctuini,Noctuina,Xestia,elimata,Xestia elimata,0,0,0,1
9942,FALSE,Noctuoidea,Noctuidae,Noctuinae,Xylenini,Xylenina,Xystopeplus,rufago,Xystopeplus rufago,0,0,0,0
8983,FALSE,Noctuoidea,Nolidae,Nolinae,NA,NA,Meganola,minuscula,Meganola minuscula,0,0,0,1
8983.1,FALSE,Noctuoidea,Nolidae,Nolinae,NA,NA,Meganola,phylla,Meganola phylla,0,0,0,1
8991,FALSE,Noctuoidea,Nolidae,Nolinae,NA,NA,Nola,cereella,Nola cereella,0,0,0,0
8996,FALSE,Noctuoidea,Nolidae,Nolinae,NA,NA,Nola,clethrae,Nola clethrae,0,0,0,1
8989,FALSE,Noctuoidea,Nolidae,Nolinae,NA,NA,Nola,pustulata,Nola pustulata,0,0,1,0
7917,FALSE,Noctuoidea,Notodontidae,Notodontinae,NA,NA,Paraeschra,georgica,Paraeschra georgica,0,0,0,1
4440,FALSE,Papilionoidea,Nymphalidae,Nymphalinae,Junoniini,NA,Junonia,coenia,Junonia coenia,0,0,0,1
4481,FALSE,Papilionoidea,Nymphalidae,Nymphalinae,Melitaeini,Phyciodina,Phyciodes,tharos,Phyciodes tharos,1,0,0,1
4437,FALSE,Papilionoidea,Nymphalidae,Nymphalinae,Nymphalini,NA,Vanessa,atalanta,Vanessa atalanta,1,0,1,1
4434,FALSE,Papilionoidea,Nymphalidae,Nymphalinae,Nymphalini,NA,Vanessa,virginiensis,Vanessa virginiensis,1,0,0,1
7957,FALSE,Noctuoidea,Notodontidae,Nystaleinae,NA,NA,Dasylophia,anguina,Dasylophia anguina,0,0,0,1
7957.1,FALSE,Noctuoidea,Notodontidae,Nystaleinae,NA,NA,Dasylophia,puntagorda,Dasylophia puntagorda,0,0,0,1
7951,FALSE,Noctuoidea,Notodontidae,Nystaleinae,NA,NA,Symmerista,albifrons,Symmerista albifrons,0,0,0,1
1034,TRUE,Gelechioidea,Oecophoridae,Oecophorinae,Oecophorini,NA,Inga,sparsiciliella,Inga sparsiciliella,0,0,0,1
3486,FALSE,Tortricoidea,Tortricidae,Olethreutinae,Grapholitini,NA,Cydia,toreuta,Cydia toreuta,0,0,0,1
3202,FALSE,Tortricoidea,Tortricidae,Olethreutinae,Eucosmini,NA,Epiblema,otiosana,Epiblema otiosana,0,0,1,0
3098,FALSE,Tortricoidea,Tortricidae,Olethreutinae,Eucosmini,NA,Eucosma,giganteana,Eucosma giganteana,0,1,0,0
2749,FALSE,Tortricoidea,Tortricidae,Olethreutinae,Olethreutini,NA,Eumarozia,malachitana,Eumarozia malachitana,0,0,0,1
2828,FALSE,Tortricoidea,Tortricidae,Olethreutinae,Olethreutini,NA,Olethreutes,griseoalbana,Olethreutes griseoalbana,0,0,0,1
3008,FALSE,Tortricoidea,Tortricidae,Olethreutinae,Eucosmini,NA,Pelochrista,quinquemaculana,Pelochrista quinquemaculana,0,0,1,0
3500,FALSE,Tortricoidea,Tortricidae,Olethreutinae,Grapholitini,NA,Pseudogalleria,inimicella,Pseudogalleria inimicella,0,0,0,1
2750,FALSE,Tortricoidea,Tortricidae,Olethreutinae,Olethreutini,NA,Zomaria,interruptolineana,Zomaria interruptolineana,0,0,0,1
8491,FALSE,Noctuoidea,Erebidae,Pangraptinae,NA,NA,Ledaea,perditalis,Ledaea perditalis,0,0,1,1
8490,FALSE,Noctuoidea,Erebidae,Pangraptinae,NA,NA,Pangrapta,decoralis,Pangrapta decoralis,0,0,0,1
9189,FALSE,Noctuoidea,Noctuidae,Pantheinae,NA,NA,Charadra,deridens,Charadra deridens,0,0,0,1
9182,FALSE,Noctuoidea,Noctuidae,Pantheinae,NA,NA,Panthea,furcilla,Panthea furcilla,0,0,0,1
4157,FALSE,Papilionoidea,Papilionidae,Papilioninae,Troidini,Battina,Battus,philenor,Battus philenor,0,0,0,1
4182,FALSE,Papilionoidea,Papilionidae,Papilioninae,Papilionini,NA,Pterourus,palamedes,Pterourus palamedes,0,0,0,1
7903,FALSE,Noctuoidea,Notodontidae,Phalerinae,NA,NA,Datana,angusii,Datana angusii,0,1,0,0
7906,FALSE,Noctuoidea,Notodontidae,Phalerinae,NA,NA,Datana,contracta,Datana contracta,0,1,0,0
7904,FALSE,Noctuoidea,Notodontidae,Phalerinae,NA,NA,Datana,drexelii,Datana drexelii,0,1,0,0
7907,FALSE,Noctuoidea,Notodontidae,Phalerinae,NA,NA,Datana,integerrima,Datana integerrima,0,1,0,0
7910,FALSE,Noctuoidea,Notodontidae,Phalerinae,NA,NA,Datana,modesta,Datana modesta,0,1,0,0
7911,FALSE,Noctuoidea,Notodontidae,Phalerinae,NA,NA,Datana,ranaeceps,Datana ranaeceps,0,1,0,0
7915,FALSE,Noctuoidea,Notodontidae,Phalerinae,NA,NA,Nadata,gibbosa,Nadata gibbosa,0,0,0,0
7920,FALSE,Noctuoidea,Notodontidae,Phalerinae,NA,NA,Peridea,angulosa,Peridea angulosa,0,0,0,1
5853,FALSE,Pyraloidea,Pyralidae,Phycitinae,Phycitini,NA,Dioryctria,amatella,Dioryctria amatella,0,0,0,1
5849,FALSE,Pyraloidea,Pyralidae,Phycitinae,Phycitini,NA,Dioryctria,pygmaeella,Dioryctria pygmaeella,0,0,0,1
5863.5,FALSE,Pyraloidea,Pyralidae,Phycitinae,Phycitini,NA,Dioryctria,taedivorella,Dioryctria taedivorella,0,0,0,1
5997,FALSE,Pyraloidea,Pyralidae,Phycitinae,Phycitini,NA,Euzophera,ostricolorella,Euzophera ostricolorella,0,0,0,1
8885,FALSE,Noctuoidea,Noctuidae,Plusiinae,Argyrogrammatini,NA,Argyrogramma,verruca,Argyrogramma verruca,0,0,0,1
8918,FALSE,Noctuoidea,Noctuidae,Plusiinae,Plusiini,Plusiina,Autographa,corusca,Autographa corusca,0,0,0,1
8919,TRUE,Noctuoidea,Noctuidae,Plusiinae,Plusiini,Plusiina,Autographa,speciosa,Autographa speciosa,0,0,0,1
8890,FALSE,Noctuoidea,Noctuidae,Plusiinae,Argyrogrammatini,NA,Chrysodeixis,includens,Chrysodeixis includens,0,0,0,1
8889,FALSE,Noctuoidea,Noctuidae,Plusiinae,Argyrogrammatini,NA,Ctenoplusia,oxygramma,Ctenoplusia oxygramma,0,0,0,1
8886,FALSE,Noctuoidea,Noctuidae,Plusiinae,Argyrogrammatini,NA,Enigmogramma,basigera,Enigmogramma basigera,0,0,0,1
9023,FALSE,Noctuoidea,Noctuidae,Plusiinae,Plusiini,Euchalciina,Exyra,ridingsii,Exyra ridingsii,0,0,1,0
9024,FALSE,Noctuoidea,Noctuidae,Plusiinae,Plusiini,Euchalciina,Exyra,semicrocea,Exyra semicrocea,0,0,1,0
7683,FALSE,Lasiocampoidea,Lasiocampidae,Poecilocampinae,Macromphaliini,NA,Artace,cribrarius,Artace cribrarius,0,0,0,1
7675,FALSE,Lasiocampoidea,Lasiocampidae,Poecilocampinae,Macromphaliini,NA,Tolype,minta,Tolype minta,0,0,0,1
7674,FALSE,Lasiocampoidea,Lasiocampidae,Poecilocampinae,Macromphaliini,NA,Tolype,notialis,Tolype notialis,0,0,0,1
7670,FALSE,Lasiocampoidea,Lasiocampidae,Poecilocampinae,Macromphaliini,NA,Tolype,velleda,Tolype velleda,0,0,0,1
4629,FALSE,Zygaenoidea,Zygaenidae,Procridinae,Procridini,NA,Acoloithus,falsarius,Acoloithus falsarius,1,0,0,0
4624,FALSE,Zygaenoidea,Zygaenidae,Procridinae,Procridini,NA,Harrisina,americana,Harrisina americana,1,0,0,0
5518,FALSE,Pyraloidea,Pyralidae,Pyralinae,Pyralini,NA,Aglossa,cuprina,Aglossa cuprina,0,0,0,1
5526,FALSE,Pyraloidea,Pyralidae,Pyralinae,Pyralini,NA,Hypsopygia,intermedialis,Hypsopygia intermedialis,0,0,1,1
5533,FALSE,Pyraloidea,Pyralidae,Pyralinae,Pyralini,NA,Hypsopygia,olinalis,Hypsopygia olinalis,0,0,1,1
4950,FALSE,Pyraloidea,Crambidae,Pyraustinae,NA,NA,Fumibotys,fumalis,Fumibotys fumalis,0,0,0,1
4951,FALSE,Pyraloidea,Crambidae,Pyraustinae,NA,NA,Perispasta,caeculalis,Perispasta caeculalis,0,0,0,1
5040,FALSE,Pyraloidea,Crambidae,Pyraustinae,NA,NA,Pyrausta,bicoloralis,Pyrausta bicoloralis,0,0,1,0
5034,FALSE,Pyraloidea,Crambidae,Pyraustinae,NA,NA,Pyrausta,signatalis,Pyrausta signatalis,1,0,0,1
5069,FALSE,Pyraloidea,Crambidae,Pyraustinae,NA,NA,Pyrausta,tyralis,Pyrausta tyralis,1,0,0,1
3968,FALSE,Papilionoidea,Hesperiidae,Pyrginae,Pyrgini,NA,Burnsius,oileus,Burnsius oileus,0,0,0,1
3952,FALSE,Papilionoidea,Hesperiidae,Pyrginae,Erynnini,NA,Erynnis,horatius,Erynnis horatius,0,0,0,1
3947,FALSE,Papilionoidea,Hesperiidae,Pyrginae,Erynnini,NA,Erynnis,juvenalis,Erynnis juvenalis,0,0,0,1
8969,FALSE,Noctuoidea,Nolidae,Risobinae,NA,NA,Baileya,doubledayi,Baileya doubledayi,0,0,1,1
8408,FALSE,Noctuoidea,Erebidae,Rivulinae,NA,NA,Oxycilla,mitographa,Oxycilla mitographa,0,0,1,1
8404,FALSE,Noctuoidea,Erebidae,Rivulinae,NA,NA,Rivula,propinqualis,Rivula propinqualis,0,0,0,1
7758,FALSE,Bombycoidea,Saturniidae,Saturniinae,Saturniini,NA,Actias,luna,Actias luna,0,0,0,1
7757,FALSE,Bombycoidea,Saturniidae,Saturniinae,Saturniini,NA,Antheraea,polyphemus,Antheraea polyphemus,0,0,1,1
7765,FALSE,Bombycoidea,Saturniidae,Saturniinae,Attacini,NA,Callosamia,angulifera,Callosamia angulifera,1,0,1,1
7767,FALSE,Bombycoidea,Saturniidae,Saturniinae,Attacini,NA,Hyalophora,cecropia,Hyalophora cecropia,1,0,1,1
4573,FALSE,Papilionoidea,Nymphalidae,Satyrinae,Satyrini,Euptychiina,Cyllopsis,gemma,Cyllopsis gemma,0,0,1,1
4575,FALSE,Papilionoidea,Nymphalidae,Satyrinae,Satyrini,Euptychiina,Hermeuptychia,sosybius,Hermeuptychia sosybius,0,0,1,1
4568.2,FALSE,Papilionoidea,Nymphalidae,Satyrinae,Satyrini,Lethina,Lethe,creola,Lethe creola,0,0,1,1
4578,FALSE,Papilionoidea,Nymphalidae,Satyrinae,Satyrini,Euptychiina,Megisto,cymela,Megisto cymela,0,0,1,1
5309,FALSE,Pyraloidea,Crambidae,Schoenobiinae,NA,NA,Carectocultus,dominicki,Carectocultus dominicki,0,0,1,0
5324,FALSE,Pyraloidea,Crambidae,Schoenobiinae,NA,NA,Donacaula,maximellus,Donacaula maximellus,0,0,0,0
5311,FALSE,Pyraloidea,Crambidae,Schoenobiinae,NA,NA,Rupela,tinctella,Rupela tinctella,1,0,0,0
8437,FALSE,Noctuoidea,Erebidae,Scolecocampinae,NA,NA,Abablemma,brimleyana,Abablemma brimleyana,0,0,0,1
8509,FALSE,Noctuoidea,Erebidae,Scolecocampinae,NA,NA,Arugisa,lutea,Arugisa lutea,0,0,0,1
8523,FALSE,Noctuoidea,Erebidae,Scolecocampinae,NA,NA,Gabara,distema,Gabara distema,0,0,1,0
8522,FALSE,Noctuoidea,Erebidae,Scolecocampinae,NA,NA,Gabara,subnivosella,Gabara subnivosella,0,0,0,0
8440,FALSE,Noctuoidea,Erebidae,Scolecocampinae,NA,NA,Nigetia,formosalis,Nigetia formosalis,0,0,1,1
8514,FALSE,Noctuoidea,Erebidae,Scolecocampinae,NA,NA,Scolecocampa,liburna,Scolecocampa liburna,0,0,0,1
8545,FALSE,Noctuoidea,Erebidae,Scoliopteryginae,Anomini,NA,Anomis,erosa,Anomis erosa,0,0,0,1
4739,FALSE,Pyraloidea,Crambidae,Scopariinae,NA,NA,Eudonia,heterosalis,Eudonia heterosalis,0,0,0,1
2527,FALSE,Sesioidea,Sesiidae,Sesiinae,Paranthrenini,NA,Paranthrene,simulans,Paranthrene simulans,1,1,0,0
2589,FALSE,Sesioidea,Sesiidae,Sesiinae,Synanthedonini,NA,Podosesia,syringae,Podosesia syringae,1,1,0,0
2590,FALSE,Sesioidea,Sesiidae,Sesiinae,Synanthedonini,NA,Sannina,uroceriformis,Sannina uroceriformis,1,0,0,0
2554,FALSE,Sesioidea,Sesiidae,Sesiinae,Synanthedonini,NA,Synanthedon,acerni,Synanthedon acerni,1,1,0,0
2567,FALSE,Sesioidea,Sesiidae,Sesiinae,Synanthedonini,NA,Synanthedon,rubrofascia,Synanthedon rubrofascia,1,1,0,0
2530,FALSE,Sesioidea,Sesiidae,Sesiinae,Paranthrenini,NA,Vitacea,polistiformis,Vitacea polistiformis,1,1,0,1
6085,FALSE,Thyridoidea,Thyrididae,Siculodinae,Siculodini,NA,Meskea,dyspteraria,Meskea dyspteraria,0,0,0,1
7824,FALSE,Bombycoidea,Sphingidae,Smerinthinae,Smerinthini,NA,Paonias,excaecata,Paonias excaecata,0,0,0,1
7771,FALSE,Bombycoidea,Sphingidae,Sphinginae,Acherontiini,NA,Agrius,cingulata,Agrius cingulata,0,0,0,1
7786,FALSE,Bombycoidea,Sphingidae,Sphinginae,Sphingini,NA,Ceratomia,amyntor,Ceratomia amyntor,0,0,0,1
7784,FALSE,Bombycoidea,Sphingidae,Sphinginae,Sphingini,NA,Dolba,hyloeus,Dolba hyloeus,0,0,0,1
7791,FALSE,Bombycoidea,Sphingidae,Sphinginae,Sphingini,NA,Isoparce,cupressi,Isoparce cupressi,0,0,0,1
7816,FALSE,Bombycoidea,Sphingidae,Sphinginae,Sphingini,NA,Lapara,coniferarum,Lapara coniferarum,0,0,0,1
7778,FALSE,Bombycoidea,Sphingidae,Sphinginae,Sphingini,NA,Manduca,rustica,Manduca rustica,0,0,0,1
7775,FALSE,Bombycoidea,Sphingidae,Sphinginae,Sphingini,NA,Manduca,sexta,Manduca sexta,0,0,0,1
7793,FALSE,Bombycoidea,Sphingidae,Sphinginae,Sphingini,NA,Paratrea,plebeja,Paratrea plebeja,0,0,0,1
5240,FALSE,Pyraloidea,Crambidae,Spilomelinae,Margaroniini,NA,Agathodes,monstralis,Agathodes monstralis,0,0,1,1
5158,FALSE,Pyraloidea,Crambidae,Spilomelinae,Nomophilini,NA,Ategumia,ebulealis,Ategumia ebulealis,0,0,1,1
5215,FALSE,Pyraloidea,Crambidae,Spilomelinae,Margaroniini,NA,Condylorrhiza,vestigialis,Condylorrhiza vestigialis,0,0,0,0
5159,FALSE,Pyraloidea,Crambidae,Spilomelinae,Nomophilini,NA,Desmia,funeralis,Desmia funeralis,1,0,0,0
5160,FALSE,Pyraloidea,Crambidae,Spilomelinae,Nomophilini,NA,Desmia,maculalis,Desmia maculalis,1,0,0,0
5143,FALSE,Pyraloidea,Crambidae,Spilomelinae,Nomophilini,NA,Diacme,adipaloides,Diacme adipaloides,0,0,0,1
5204,FALSE,Pyraloidea,Crambidae,Spilomelinae,Margaroniini,NA,Diaphania,hyalinata,Diaphania hyalinata,0,0,1,0
5202,FALSE,Pyraloidea,Crambidae,Spilomelinae,Margaroniini,NA,Diaphania,nitidalis,Diaphania nitidalis,0,0,1,0
5253,FALSE,Pyraloidea,Crambidae,Spilomelinae,Agroterini,NA,Diastictis,argyralis,Diastictis argyralis,0,0,0,1
5244,FALSE,Pyraloidea,Crambidae,Spilomelinae,Herpetogrammatini,NA,Herpetogramma,fluctuosalis,Herpetogramma fluctuosalis,0,0,0,1
5275,FALSE,Pyraloidea,Crambidae,Spilomelinae,Herpetogrammatini,NA,Herpetogramma,pertextalis,Herpetogramma pertextalis,0,0,0,1
5274,FALSE,Pyraloidea,Crambidae,Spilomelinae,Herpetogrammatini,NA,Herpetogramma,phaeopteralis,Herpetogramma phaeopteralis,0,0,0,1
5156,FALSE,Pyraloidea,Crambidae,Spilomelinae,Nomophilini,NA,Nomophila,nearctica,Nomophila nearctica,0,0,0,1
5243,FALSE,Pyraloidea,Crambidae,Spilomelinae,Agroterini,NA,Patania,silicalis,Patania silicalis,0,0,0,0
5281,FALSE,Pyraloidea,Crambidae,Spilomelinae,Herpetogrammatini,NA,Pilocrocis,ramentalis,Pilocrocis ramentalis,0,0,0,1
5150,FALSE,Pyraloidea,Crambidae,Spilomelinae,Nomophilini,NA,Samea,castellalis,Samea castellalis,0,0,0,1
5170,FALSE,Pyraloidea,Crambidae,Spilomelinae,Nomophilini,NA,Spoladea,recurvalis,Spoladea recurvalis,0,0,1,0
5284,FALSE,Pyraloidea,Crambidae,Spilomelinae,Spilomelini,NA,Syngamia,florella,Syngamia florella,1,0,0,0
5079,FALSE,Pyraloidea,Crambidae,Spilomelinae,Udeini,NA,Udea,rubigalis,Udea rubigalis,0,0,0,1
1024,FALSE,Gelechioidea,Depressariidae,Stenomatinae,NA,NA,Antaeotricha,albulella,Antaeotricha albulella,1,0,0,0
1014,FALSE,Gelechioidea,Depressariidae,Stenomatinae,NA,NA,Antaeotricha,leucillana,Antaeotricha leucillana,0,1,0,0
1011,FALSE,Gelechioidea,Depressariidae,Stenomatinae,NA,NA,Antaeotricha,schlaegeri,Antaeotricha schlaegeri,0,1,0,0
7137,FALSE,Geometroidea,Geometridae,Sterrhinae,Cosymbiini,NA,Cyclophora,myrtaria,Cyclophora myrtaria,0,0,0,1
7114,FALSE,Geometroidea,Geometridae,Sterrhinae,Sterrhini,NA,Idaea,demissaria,Idaea demissaria,0,0,0,1
7119,FALSE,Geometroidea,Geometridae,Sterrhinae,Sterrhini,NA,Idaea,micropterata,Idaea micropterata,0,0,0,1
7105,FALSE,Geometroidea,Geometridae,Sterrhinae,Sterrhini,NA,Idaea,scintillularia,Idaea scintillularia,0,0,0,1
7122,FALSE,Geometroidea,Geometridae,Sterrhinae,Sterrhini,NA,Idaea,tacturata,Idaea tacturata,0,0,0,1
7120,FALSE,Geometroidea,Geometridae,Sterrhinae,Sterrhini,NA,Idaea,violacearia,Idaea violacearia,0,0,0,1
7177,FALSE,Geometroidea,Geometridae,Sterrhinae,Scopulini,NA,Leptostales,laevitaria,Leptostales laevitaria,1,0,1,0
7173,FALSE,Geometroidea,Geometridae,Sterrhinae,Scopulini,NA,Leptostales,pannaria,Leptostales pannaria,0,0,0,1
7094,FALSE,Geometroidea,Geometridae,Sterrhinae,Sterrhini,NA,Lobocleta,ossularia,Lobocleta ossularia,0,0,0,1
7181,FALSE,Geometroidea,Geometridae,Sterrhinae,Scopulini,NA,Lophosis,labeculata,Lophosis labeculata,0,0,1,0
7133,FALSE,Geometroidea,Geometridae,Sterrhinae,Cosymbiini,NA,Pleuroprucha,asthenaria,Pleuroprucha asthenaria,0,0,0,0
7132,FALSE,Geometroidea,Geometridae,Sterrhinae,Cosymbiini,NA,Pleuroprucha,insulsaria,Pleuroprucha insulsaria,0,0,0,0
7151,FALSE,Geometroidea,Geometridae,Sterrhinae,Scopulini,NA,Scopula,aemulata,Scopula aemulata,0,0,0,1
7152,FALSE,Geometroidea,Geometridae,Sterrhinae,Scopulini,NA,Scopula,compensata,Scopula compensata,0,0,0,1
7149,FALSE,Geometroidea,Geometridae,Sterrhinae,Scopulini,NA,Scopula,lautaria,Scopula lautaria,0,0,0,1
7159,FALSE,Geometroidea,Geometridae,Sterrhinae,Scopulini,NA,Scopula,limboundata,Scopula limboundata,0,0,0,1
7160,FALSE,Geometroidea,Geometridae,Sterrhinae,Scopulini,NA,Scopula,timandrata,Scopula timandrata,0,0,0,0
9750,FALSE,Noctuoidea,Noctuidae,Stiriinae,Stiriini,NA,Plagiomimicus,hilli,Plagiomimicus hilli,0,0,1,0
4299,FALSE,Papilionoidea,Lycaenidae,Theclinae,Eumaeini,Calycopidina,Calycopis,cecrops,Calycopis cecrops,0,0,1,0
4335,FALSE,Papilionoidea,Lycaenidae,Theclinae,Eumaeini,Eumaeina,Parrhasius,m-album,Parrhasius m-album,0,0,1,0
4336,FALSE,Papilionoidea,Lycaenidae,Theclinae,Eumaeini,Eumaeina,Strymon,melinus,Strymon melinus,0,0,1,0
3598.1,FALSE,Tortricoidea,Tortricidae,Tortricinae,Archipini,NA,Argyrotaenia,hodgesi,Argyrotaenia hodgesi,0,0,0,1
3603,FALSE,Tortricoidea,Tortricidae,Tortricinae,Archipini,NA,Argyrotaenia,tabulana,Argyrotaenia tabulana,0,0,0,1
3635.1,FALSE,Tortricoidea,Tortricidae,Tortricinae,Archipini,NA,Choristoneura,argentifasciata,Choristoneura argentifasciata,0,0,1,0
3747.1,FALSE,Tortricoidea,Tortricidae,Tortricinae,Sparganothini,NA,Coelostathma,placidana,Coelostathma placidana,0,0,0,1
3764,FALSE,Tortricoidea,Tortricidae,Tortricinae,Cochylini,Cochylina,Eugnosta,sartana,Eugnosta sartana,0,0,1,0
3699,FALSE,Tortricoidea,Tortricidae,Tortricinae,Sparganothini,NA,Sparganothis,tristriata,Sparganothis tristriata,1,0,1,0
2415,FALSE,Urodoidea,Urodidae,Urodinae,NA,NA,Urodus,parvula,Urodus parvula,1,0,0,0