file_name,image_size,tick_size,tag_text,tag_id_guess_m,tag_id_guess_h,inference_info
D:/moth_photos/database/batch_07\img_moth_00013457.jpg,"[4000, 6000]",36.52,"['Photographedby\nAFletcher\n2024\n', 'WPC\n422\n', 'RBDominick\n\nCharlesREdwards\nMcClellanvillee\nSouthCarolina29458\n\n5049967\nLight\n']","['2024\n', 'C\n422\n', 'RRD\n\nCR\nC\nC29458\n\n5049967\n']","['P\n2024\n', 'WPC\n422\n', 'C\nC\nC29458\n\n5049967\n']",modelv1.0__2025-04-08 15:18:50
D:/moth_photos/database/batch_07\img_moth_00013458.jpg,"[4000, 6000]",36.379999999999995,"['Photographedby\nAFletcher\n2024\n', 'RRDominick\n\nCharlesREdwards s\nMcClellaftville\n\nSouthCarolina29458e\nZ23JunesTLF\n\nlushk\n', 'WPC\n423\n']","['2024\n', 'RRD\n\nCR\nC\n\nC29458\n23\n', 'RC\n423\n']","['P\n2024\n', 'C\nC\n\nC29458\n23\n', 'WPC\n423\n']",modelv1.0__2025-04-08 15:18:50
D:/moth_photos/database/batch_07\img_moth_00013459.jpg,"[4000, 6000]",36.120000000000005,"['Photographedby\nAFletcher\n2024\n', 'KBDominick\nCharlesREdwards\nMcClellanville\n\n4 SNAG14639\nLrsWh\n', 'WPC\n424\n']","['2024\n', 'RD\nCR\nC\n\n4 14639\n5\n', 'C\n424\n']","['P\n2024\n', 'C\nC\n\n4 14639\n5W\n', 'WPC\n424\n']",modelv1.0__2025-04-08 15:18:50
D:/moth_photos/database/batch_07\img_moth_00013460.jpg,"[4000, 6000]",36.4,"['Photographed by\nAFletcher\n2024\n', 'RBDominick\nChariesREdwandis\nMcClellanyille nf\nSouthCarolina 29458\n\n3MYarszSI6F\nCreep\n', 'WPC\n425\n']","['2024\n', 'R6D\nCR\nC\nC 29458\n\n396\nC1\n', 'C\n425\n']","['P\n2024\n', '6\nC\nC\nC 29458\n\n396\nC1\n', 'WPC\n425\n']",modelv1.0__2025-04-08 15:18:50
D:/moth_photos/database/batch_07\img_moth_00013461.jpg,"[4000, 6000]",36.21999999999999,"['Photographedby\nAFletcher\n2024\n', 'RBDominick\nCharlesREdwards\nMcClellanville\n\nSoutfCarolina29458\n\n3m\neen IF6\n', 'WPC\n426\n']","['2024\n', 'RRD\nCR\nC\n\nC29458\n\n3\n6\n', 'C\n426\n']","['P\n2024\n', 'C\nC\nC29458\n\n3\n6\n', 'WPC\n426\n']",modelv1.0__2025-04-08 15:18:50
D:/moth_photos/database/batch_07\img_moth_00013462.jpg,"[4000, 6000]",36.32,"['Photographedby\nAFletcher\n2024\n', 'FDominick\nYhariesREdwards\nAcCle llanvjlle\noutHCarolina29458\n\nym 1969\nTage\n', 'WPC\n427\n']","['2024\n', 'RD\nR\nC\nC29458\n\n1969\n', 'C\n427\n']","['P\n2024\n', 'C\nC29458\n\n1969\n', 'WPC\n427\n']",modelv1.0__2025-04-08 15:18:50
D:/moth_photos/database/batch_07\img_moth_00013463.jpg,"[4000, 6000]",36.3,"['Photographedby\n\nAFletcher\n2024\n', 'NDVOMINICK\nMcClellanyille Ss\nSouthCarolina29458\n', 'WPC\n428\n']","['2024\n', 'DC\nC\nC29458\n', 'C\n428\n']","['P\n\n2024\n', 'C\nC\nC29458\n', 'WPC\n428\n']",modelv1.0__2025-04-08 15:18:50
D:/moth_photos/database/batch_07\img_moth_00013464.jpg,"[4000, 6000]",36.68,"['Photographedby\nAFletcher\n2024\n', 'RBDominick\nCharlesREdwards\nMcClellanville\nSouthCardlina29458\n7StinesSICHR\n\nLighr\n', 'WPC\n429\n']","['2024\n', 'RD\nCR\nC\nC29458\n7DCR\n', 'C\n429\n']","['P\n2024\n', 'C\nC\nC29458\n7PC\n', 'WPC\n429\n']",modelv1.0__2025-04-08 15:18:50
D:/moth_photos/database/batch_07\img_moth_00013465.jpg,"[4000, 6000]",36.72,"['Photographedby\nAFletcher\n2024\n', 'RBDominick\n\nChariesREdwards\n\nMcClellanville\n\nSouthCarolina29458 e\nATASA1762\nLIGFHsd\n', 'WPC\n430\n']","['2024\n', 'RRD\nCR\nC\nC29458\n71762\n', 'C\n430\n']","['P\n2024\n', 'C\n\nC\n\nC29458\n71762\n', 'WPC\n430\n']",modelv1.0__2025-04-08 15:18:50
D:/moth_photos/database/batch_07\img_moth_00013466.jpg,"[4000, 6000]",36.64,"['Photographedby\nAFletcher\n2024\n', 'McCleLlanville\nSouthCarolina\nIApd196G\n\n416nto\n', 'WPC\n431\n']","['2024\n', 'C\nC\n196\n\n416\n', 'C\n431\n']","['P\n2024\n', 'C\nC\n196\n\n416\n', 'WPC\n431\n']",modelv1.0__2025-04-08 15:18:50
D:/moth_photos/database/batch_07\img_moth_00013467.jpg,"[4000, 6000]",36.34,"['Photographedby\nAFletcher\n2024\n', 'WPC\n432\n', 'RBDominick\nCharlesREdwards\nMcClellanville\nSouthGarolina29458\n\n2IAny14E7\n\nLisShs\n']","['2024\n', 'C\n432\n', 'RRD\nCR\nC\n29458\n\n2R14C7\n']","['P\n2024\n', 'WPC\n432\n', 'C\nC\n29458\n\n214C7\n']",modelv1.0__2025-04-08 15:18:50
D:/moth_photos/database/batch_07\img_moth_00013468.jpg,"[4000, 6000]",36.56,"['Photographedby\nAFletcher\n', 'McClellanville\nSouthCarolina\nCharlesREdwards\n\n13FaLily907\n415477\n', 'WPC\n433\n']","['', 'C\nC\nCR\n\n134907\n415477\n', 'RC\n433\n']","['P\n', 'C\nC\nC\n\n134907\n415477\n', 'WPC\n433\n']",modelv1.0__2025-04-08 15:18:50
D:/moth_photos/database/batch_07\img_moth_00013469.jpg,"[4000, 6000]",36.459999999999994,"['Photographedby\nAFletcher\n2024\n', 'McClellanville\nSouthCarolina\nCharlesREdwards\n\nAlTuly1967\n', 'WPC\n434\n']","['2024\n', 'C\nC\nCR\n\n1967\n', 'C\n434\n']","['P\n2024\n', 'C\nC\nC\n\n1967\n', 'WPC\n434\n']",modelv1.0__2025-04-08 15:18:50
D:/moth_photos/database/batch_07\img_moth_00013470.jpg,"[4000, 6000]",36.82,"['Photographedby\n\nAFletcher\n2024\n', 'McClellanville\nSouthCarolina\n\nCharlesREdwards\nl6Atg1967\np Gn\n', 'WPC\n435\n']","['2024\n', 'C\nC\n\nCR\n16RR1967\n', 'C\n435\n']","['P\n\n2024\n', 'C\nC\n\nC\n161967\n', 'WPC\n435\n']",modelv1.0__2025-04-08 15:18:50
D:/moth_photos/database/batch_07\img_moth_00013471.jpg,"[4000, 6000]",36.24,"['Photographedby\nAFletcher\n2024\n', 'WPC\n436\n', 'McClellanville7\nSouthC Carolina ot\n\nDominick\n\nL SA 1467\nLight\n']","['2024\n', 'C\n436\n', 'C7\nC C\n\nD\n\n5 1467\n']","['P\n2024\n', 'WPC\n436\n', 'C7\nC C\n\n5 1467\n']",modelv1.0__2025-04-08 15:18:50
D:/moth_photos/database/batch_07\img_moth_00013472.jpg,"[4000, 6000]",36.36000000000001,"['Photographedby\nAFletcher\n2024\n', 'RBDominick\nCharlesREdwards\nMcClellanville\nSouth Carolina 29458\n\n1G9betSI6T\night\n', 'WPC\n437\n']","['2024\n', 'RRD\nCR\nC\nC 29458\n\n194967\n', 'C\n437\n']","['P\n2024\n', 'C\nC\nC 29458\n\n194967\n', 'WPC\n437\n']",modelv1.0__2025-04-08 15:18:50
D:/moth_photos/database/batch_07\img_moth_00013473.jpg,"[4000, 6000]",36.21999999999999,"['Photographed by\nAFletcher\n2024\n', 'oWPC\n438\n', 'McClellanville\neSouthCarolina\nCharlesREdwards\n\nA2Suly1767\n4sSnh\n']","['2024\n', 'C\n438\n', 'C\nC\nCR\n\n21767\n4\n']","['P\n2024\n', 'WPC\n438\n', 'C\nC\nCP\n\n21767\n4\n']",modelv1.0__2025-04-08 15:18:50
D:/moth_photos/database/batch_07\img_moth_00013474.jpg,"[4000, 6000]",36.21999999999999,"['Photographedby\n\nAFletcher\n2024\n', 'McUielianvilie\nSouthCarolina\nRB Dominick\n\n2 LJ\n57 ak 467\n', 'WPC\n439\n\n']","['2024\n', 'C\nC\nR8 D\n\n2\n57 467\n', 'C\n439\n\n']","['P\n\n2024\n', 'C\nC\n8\n\n2\n57 467\n', 'WPC\n439\n\n']",modelv1.0__2025-04-08 15:18:50
D:/moth_photos/database/batch_07\img_moth_00013475.jpg,"[4000, 6000]",36.16,"['Photographedby\nAFletcher\n2024\n', 'WPC\n440\n', 'McClellanville\nSouthCarolina\n\nCarles RFdwards\n54u4s967\nLign\n']","['2024\n', 'C\n440\n', 'C\nC\n\nC R\n544967\n']","['P\n2024\n', 'WPC\n440\n', 'C\nC\n\nCW\n544967\n']",modelv1.0__2025-04-08 15:18:50
D:/moth_photos/database/batch_07\img_moth_00013476.jpg,"[4000, 6000]",36.42,"['Photographedby\nAFletcher\n2024\n', 'WPC\n441\n', 'McClellanville\nSouthCarolina 6\neCharles REdwards\n\nBFSeyetJT ye\nPsA\n']","['2024\n', 'C\n441\n', 'C\nC 6\nC R\n']","['P\n2024\n', 'WPC\n441\n', 'C\nC 6\nC\n\nP\n']",modelv1.0__2025-04-08 15:18:50
D:/moth_photos/database/batch_07\img_moth_00013477.jpg,"[4000, 6000]",36.18,"['Photographedby\nAFletcher\n2024\n', 'WPC\n442\n', 'McClellanville\nSouthCarolina GS\nCharles REdwards\n\n13 SeptFL7\n\n41ytf\n']","['2024\n', 'C\n442\n', 'C\nC\nC R\n\n13 7\n\n414\n']","['P\n2024\n', 'WPC\n442\n', 'C\nC\nC\n\n13 P7\n\n414\n']",modelv1.0__2025-04-08 15:18:50
D:/moth_photos/database/batch_07\img_moth_00013478.jpg,"[4000, 6000]",36.63265306122449,"['Photographedby\nAFletcher\n2024\n', 'WPC\n443\n', 'McClellanville\nSouthCarolina\nCharles R Edwards\n\nSe of 27\nListhr\n']","['2024\n', 'C\n443\n', 'C\nC\nC R\n\n27\n']","['P\n2024\n', 'WPC\n443\n', 'C\nC\nC\n\n27\n']",modelv1.0__2025-04-08 15:18:50
D:/moth_photos/database/batch_07\img_moth_00013479.jpg,"[4000, 6000]",36.56,"['Photographed by\nAFletcher\n2024\n', 'WPC\n444\n', 'ellanville\nerclina\nminick\n']","['2024\n', 'C\n444\n', '']","['P\n2024\n', 'WPC\n444\n', '']",modelv1.0__2025-04-08 15:18:50
D:/moth_photos/database/batch_07\img_moth_00013480.jpg,"[4000, 6000]",36.379999999999995,"['Photographedby\nAFletcher\n2024\n', 'RBDominick\n\nCharlesREdwards\n\nMcClellanville\n\nSouthCarolina29458\n27Seer1967\nye 7A 7\n', 'WPC\n445\n']","['2024\n', 'RD\n\nCR\n\nC\n\nC29458\n2751967\n7 7\n', 'C\n445\n']","['P\n2024\n', 'C\n\nC\n\nC29458\n2751967\n7 7\n', 'WPC\n445\n']",modelv1.0__2025-04-08 15:18:50
D:/moth_photos/database/batch_07\img_moth_00013481.jpg,"[4000, 6000]",36.24,"['Photographedby\nAFletcher\n2024\n', 'RBDominick\n\nCharlesREdwards Oo\n\nMcGlellanville\n\nSoush Carolina29458\nAESeptH3\nCigars\n', 'WPC\n446\n']","['2024\n', 'RD\nCR 3\nC29458\n3\nC\n', 'C\n446\n']","['P\n2024\n', 'C 3\nC29458\n3\nC\n', 'WPC\n446\n']",modelv1.0__2025-04-08 15:18:50
D:/moth_photos/database/batch_07\img_moth_00013482.jpg,"[4000, 6000]",36.52,"['Photographedby\nAFletcher\n2024\n', 'RBDominick\nCharlesREdwards\nMcClellanville\nSouthCarolina 29458\n\nFAusI6F\nLisht\n', 'WPC\n447\n']","['2024\n', 'RRD\nCR\nC\nC 29458\n\n5969\n', 'C\n447\n']","['P\n2024\n', 'C\nC\nC 29458\n\n5969\n', 'WPC\n447\n']",modelv1.0__2025-04-08 15:18:50
D:/moth_photos/database/batch_07\img_moth_00013483.jpg,"[4000, 6000]",36.24,"['Photographedby\nAFletcher\n2024\n', 'RBDominick\n\nCharlesREdwards\n\nMcClellanvjlile FS\n\nSouthCarolina29458\n17Fuly196F7\nLiSfArp\n', 'WPC\n448\n']","['2024\n', 'RRD\nCR\nC\nC29458\n171967\n', 'C\n448\n']","['P\n2024\n', 'C\n\nC\n\nC29458\n17196P7\n', 'WPC\n448\n']",modelv1.0__2025-04-08 15:18:50
D:/moth_photos/database/batch_07\img_moth_00013484.jpg,"[4000, 6000]",36.18,"['Photographedby\nAFletcher\n2024\n', 'RBDominick\nCharlesREdwards Q\nMcClellanville\nSoutACasolina29458\n\nS2SeptS969\n\nLicnd\n', 'WPC\n']","['2024\n', 'RRD\nCR\nC\nC29458\n\n21969\n', 'RC\n']","['P\n2024\n', 'C\nC\nC29458\n\n21969\n', 'WPC\n']",modelv1.0__2025-04-08 15:18:50
D:/moth_photos/database/batch_07\img_moth_00013485.jpg,"[4000, 6000]",36.734693877551024,"['Photographedby\n\nAFletcher\n2024\n', 'WPC\n450\n', 'McClellanville\nSouthCarolina a\nRBDominick\n\n24QuneIGE7\nLich\n']","['2024\n', 'C\n450\n', 'C\nC\nRRD\n\n24967\n']","['P\n\n2024\n', 'WPC\n450\n', 'C\nC\n\n24967\n']",modelv1.0__2025-04-08 15:18:50
D:/moth_photos/database/batch_07\img_moth_00013486.jpg,"[4000, 6000]",36.55102040816326,"['Photographedby\nAFletcher\n2024\n', 'RBDominick\nCharlesREdward\nMcClellanville\nSouthCarolfna29458\n\nAYSulJ9ALY\nLSat\n', 'WPC\n451\n']","['2024\n', 'RRD\nCR\nC\nC29458\n\n9\n2\n', 'C\n451\n']","['P\n2024\n', 'C\nC\nC29458\n\nW9P\n2\n', 'WPC\n451\n']",modelv1.0__2025-04-08 15:18:50
D:/moth_photos/database/batch_07\img_moth_00013487.jpg,"[4000, 6000]",36.120000000000005,"['Photographedby\nAFletcher\n2024\n', 'McClellanville\nSouthCarolina\n\nCharles REdwerds\n5 Techy S9L7\nAi54htO\n', 'WPC\n452\n']","['2024\n', 'C\nC\n\nC R\n5 4967\n548\n', 'C\n452\n']","['P\n2024\n', 'C\nC\n\nC\n5 4967\n548\n', 'WPC\n452\n']",modelv1.0__2025-04-08 15:18:50
D:/moth_photos/database/batch_07\img_moth_00013488.jpg,"[4000, 6000]",36.16,"['BRooD3\n\nRearedex ecveon\n\nTaraxacum\n', 'Photographedby\nAFletcher\n2024\n', 'SOUTHCAROLINA\nWedge Plantation\nMcClel ae\n\n22 1OP\n\nDCFerguson\n', 'WPC\n453\n']","['RR0D3\n\nR\n\n7\n', '2024\n', '5CR\nC1\n\n22 1\n\nDC\n', 'C\n453\n']","['03\n\n7\n', 'P\n2024\n', '5C\nW P\nC1\n\n22 1P\n\nC\n', 'WPC\n453\n']",modelv1.0__2025-04-08 15:18:50
D:/moth_photos/database/batch_07\img_moth_00013489.jpg,"[4000, 6000]",36.18,"['Photographedby\nAFletcher\n2024\n', 'RB Dominick\n\nCharlesR EdwarisQ\nMcClellanville ry\n\nSouthCarolina29458\n\n29 SunelIleG\nLthk\n', 'WPC\n454\n']","['2024\n', 'R8 D\n\nCR\nC\n\nC29458\n\n29\n', 'C\n454\n']","['P\n2024\n', '8\n\nC\nC P\n\nC29458\n\n29\n', 'WPC\n454\n']",modelv1.0__2025-04-08 15:18:50
D:/moth_photos/database/batch_07\img_moth_00013490.jpg,"[4000, 6000]",36.24,"['Photographedby\nAFletcher\n2024\n', 'K5Dominick\n\nCharlesR EdwarisS\n\nMcClellanyille\n\nSouthCarolina29458\naqJunelgysy\nLicht\n', 'WPC\n455\n']","['2024\n', '5D\nCR\nC\nC29458\n', 'C\n455\n']","['P\n2024\n', '5\nC W\nC\nC29458\n', 'WPC\n455\n']",modelv1.0__2025-04-08 15:18:50
D:/moth_photos/database/batch_07\img_moth_00013491.jpg,"[4000, 6000]",36.15686274509804,"['RDVOmMmINICK\nCharlesR Edwards\n\nMcClellanville\nSouthCarlina29458\n26June168\nL7ehL\n', 'Photographedby\nAFletcher\n2024\n', 'WPC\n456\n']","['RDC\nCR\n\nC\nC29458\n26168\n7\n', '2024\n', 'C\n456\n']","['C\nC\n\nC\nC29458\n26168\n7\n', 'P\n2024\n', 'WPC\n456\n']",modelv1.0__2025-04-08 15:18:50
D:/moth_photos/database/batch_07\img_moth_00013492.jpg,"[4000, 6000]",36.23529411764706,"['Photographed by\nAFletcher\n2025\n', 'RBDominick\n\nCharlesREdwards\n6 McClellanvillee\nSouthCarolina29458\ne\nSSOck19467\n\nLi9ohp\n', 'WPC\n604\n']","['2025\n', 'RD\n\nCR\n6 C\nC29458\n4019467\n\n9\n', 'C\n604\n']","['P\n2025\n', 'C\n6 C\nC29458\n4019467\n\n9\n', 'WPC\n604\n']",modelv1.0__2025-04-08 15:18:50
D:/moth_photos/database/batch_07\img_moth_00013493.jpg,"[4000, 6000]",36.6,"['Photographedby\nAFletcher\n2025\n', 'RBDominick\n\nCharlesREdwards\nMcClellanville fo\nSouthCardlina2945\n\n3omeay 1948\nLsS4Y3\n', 'WPC\n636\n', 'DMBCOQU69\nRICHARDBDOMINICK\n\nMOTHBUTTERFLYCOLLECTION\nUNIVERSITYOFSOUTHCAROLINA\n']","['2025\n', 'RRD\n\nCR\nC\nC2945\n\n3 1948\nC143\n', 'C\n636\n', 'DC069\nRCRDDC\n\nRCC\nRCCR\n']","['P\n2025\n', 'C\nC\nC2945\n\n3 1948\nC143\n', 'WPC\n636\n', 'C069\nCPC\n\nCC\nCC\n']",modelv1.0__2025-04-08 15:18:50
D:/moth_photos/database/batch_07\img_moth_00013494.jpg,"[4000, 6000]",36.35294117647059,"['Photographedby\nAFletcher\n2025\n', 'WPC\n605\n', 'RBDominick\nChariesREdwards\nMcClellanville\nSouthCarolina29458\n\n1TOct1967\nAshi\n']","['2025\n', 'C\n605\n', 'RD\nCR\nC\nC29458\n\n17841967\n']","['P\n2025\n', 'WPC\n605\n', 'C\nC\nC29458\n\n17841967\n']",modelv1.0__2025-04-08 15:18:50
D:/moth_photos/database/batch_07\img_moth_00013495.jpg,"[4000, 6000]",36.37254901960784,"['Photographedby\nAFletcher\n2025\n', 'RBDominick\n\nChariesREdwards\n\nan\nCarolinae\n\nune14\nFAUnE 72\n', '637\n']","['2025\n', 'RD\n\nCR\n\nRR\nC\n\n14\nR 72\n', '637\n']","['P\n2025\n', 'C\nC\n\n14\n72\n', '637\n']",modelv1.0__2025-04-08 15:18:50
D:/moth_photos/database/batch_07\img_moth_00013496.jpg,"[4000, 6000]",36.1764705882353,"['Photographed by\nAFletcher\n2025\n', 'WPC\n606\n', 'RBDominick\nCharlesREdwards\nMcClellanville\nSouthCarolina29458\n\nt1Oche1967\nLighf\n']","['2025\n', 'C\n606\n', 'RRD\nCR\nC\nC29458\n\n410C1967\n']","['P\n2025\n', 'WPC\n606\n', 'C\nC\nC29458\n\n410C1967\n']",modelv1.0__2025-04-08 15:18:50
D:/moth_photos/database/batch_07\img_moth_00013497.jpg,"[4000, 6000]",36.8,"['Photographedby\nAFletcher\n2025\n', 'BRooD3\n\nReared exOvoon\n\nTaraxacum\n', 'SOUTH CAROLINA\nWedgePlantation\nMcClella yjile\nVv 19\nDCFerguson\n', 'WPC\n638\n']","['2025\n', 'RD3\n\nR 0\n\n7\n', 'CR\n\nC\n19\n\nDC\n', 'C\n638\n']","['P\n2025\n', '3\n\n0\n\n7\n', 'C\nWP\nC\n19\nCP\n', 'WPC\n638\n']",modelv1.0__2025-04-08 15:18:50
D:/moth_photos/database/batch_07\img_moth_00013498.jpg,"[4000, 6000]",36.1764705882353,"['Photographedby\nAFletcher\n2025\n', 'WPC\n607\n', 'RBDominick\nCharlesREdwards\nMcClellanville\nSouthCarolina29458\n\ndetstrt\n']","['2025\n', 'C\n607\n', 'RRD\nCR\nC\nC29458\n\n415\n']","['P\n2025\n', 'WPC\n607\n', 'C\nC\nC29458\n\n415\n']",modelv1.0__2025-04-08 15:18:50
D:/moth_photos/database/batch_07\img_moth_00013499.jpg,"[4000, 6000]",36.09803921568628,"['Photoqraphedby\nAFletcher\nr4040\n', 'WPC\n639\n', 'AcClellanville\nsouthCarolina\n2BDominick\n\n39S\n', 'DMBC00893\nRICHARDBDOMINICK\n\nMOTH8BUTTERFLYCOLLECTION\nUNIVERSITYOFSOUTHCARQLINA\n']","['4040\n', 'C\n639\n', 'C\nC\n2RD\n\n39\n', 'DC00893\nRCRD8DC\n\n8RRCC\nRCR\n']","['P\n4040\n', 'WPC\n639\n', 'C\nC\n2\n\n39\n', 'C00893\nC8PC\n\n8CC\nC\n']",modelv1.0__2025-04-08 15:18:50
D:/moth_photos/database/batch_07\img_moth_00013500.jpg,"[4000, 6000]",36.23529411764706,"['Photographed by\nAFletcher\n2025\n', 'WPC\n608\n', 'RBDominick\n\nCharlesREdwanis\nXs McClellanville\n\nSouthCarolina29458\n\n7AiugS9LT\ndos sat\n']","['2025\n', 'C\n608\n', 'RRD\n\nCR\nC\n\nC29458\n\n797\n']","['P\n2025\n', 'WPC\n608\n', 'C\nC\nC29458\n\n797\n']",modelv1.0__2025-04-08 15:18:50
D:/moth_photos/database/batch_07\img_moth_00013501.jpg,"[4000, 6000]",36.33333333333333,"['Photographedby\nAFletcher\n2025\n', 'CharlesREdwards\nMcClellanville\nSouthQarolina29458e\n\nwi JunveG63\nLISAk\n\nRBDominick 2\n', 'WPC\n640\n']","['2025\n', 'CR\nC\n29458\n\n963\n\nRRD 2\n', 'C\n640\n']","['P\n2025\n', 'C\nC\n29458\n\nW 963\n\n2\n', 'WPC\n640\n']",modelv1.0__2025-04-08 15:18:50
D:/moth_photos/database/batch_07\img_moth_00013502.jpg,"[4000, 6000]",36.1764705882353,"['Photographedby\nAFletcher\n2025\n', 'wPec\n609\n', 'RBDominick\n\nChariesREdwards\nMcClellanville\n\nSouthCarolina 29458\n\ntbct1967\nheight\n']","['2025\n', 'C\n609\n', 'RD\n\nCR\nC\n\nC 29458\n\n161967\n']","['P\nP\n2025\n', 'WPC\n609\n', 'C\nC\nC 29458\n\n161967\n']",modelv1.0__2025-04-08 15:18:50
D:/moth_photos/database/batch_07\img_moth_00013503.jpg,"[4000, 6000]",36.72,"['Photographedby\nAFletcher\n2025\n', 'RBDominick\nChariesREdwards\nMcClellanville\nSouthCarolina29458\n\n36May9tF\nLreage\n', '', 'IBENIGWeeetNe 1BCO00 g 9 5\nRICHARDB DOMINICK\n\nMOTH8 BUTTERFLY COLLECTION\nUNIVERSITYOFSOUTH CAROLINA\n\n']","['2025\n', 'RRD\nCR\nC\nC29458\n\n369\nD\n', '', '1RC00 8 9 5\nRCRD DC\n\n8 RCR CC\nR0 CR\n\n']","['P\n2025\n', 'C\nC\nC29458\n\n369\n', '', 'W 1C00 8 9 5\nC PC\n\n8 C CC\n0 C\n\n']",modelv1.0__2025-04-08 15:18:50
D:/moth_photos/database/batch_07\img_moth_00013504.jpg,"[4000, 6000]",36.68,"['Photographedby\nAFletcher\n2025\n', 'WPC\n610\n', '4 NE\nRBDominick\nCharlesREdwards\nMcClellanville\nSouthCarolina29458\n\n7OCt7960\n\ntShtP\n']","['2025\n', 'RC\n610\n', '4\nRRD\nCR\nC\nC29458\n\n70C7960\n']","['P\nP\n2025\n', 'WPC\n610\n', '4\nC\nC\nC29458\n\n70C7960\n\nP\n']",modelv1.0__2025-04-08 15:18:50
D:/moth_photos/database/batch_07\img_moth_00013505.jpg,"[4000, 6000]",36.76,"['Photographedby\nAFletcher\n2025\n', 'RBVominick\nChariesREdwards\nSehanyilles\n', '642\n', 'DMBC00896\nRICHARDBDOMINICK\n\nMOTH8BUTTERFLYCOLLECTION\n\nUNIVERSITYOFSOUTHCAROLINA\n']","['2025\n', 'R5D\nCR\n', '642\n', 'DC00896\nRCRDDC\n\n8RCC\n\nR0CR\n']","['P\n2025\n', '5\nC\n', '642\n', 'C00896\nCC\n\n8CC\n\n0C\n']",modelv1.0__2025-04-08 15:18:50
D:/moth_photos/database/batch_07\img_moth_00013506.jpg,"[4000, 6000]",36.86,"['Photographedby\nAFletcher\n2025\n', 'WPC\n611\n', 'RBDominick\n\nCharlesREdwards\n\nMcClellanville\nSouthCarolina 29458\n\nAY 5A\n']","['2025\n', 'C\n611\n', 'RD\n\nCR\n\nC\nC 29458\n\n54\n']","['P\nP\n2025\n', 'WPC\n611\n', 'C\nC\nC 29458\n\n54\n']",modelv1.0__2025-04-08 15:18:50
D:/moth_photos/database/batch_07\img_moth_00013507.jpg,"[4000, 6000]",36.37254901960784,"['Photographedby\nAFletcher\n2025\n', 'RKBDominick\nCharles REdwarde\nMcClellanville\nPre na29458\n\n51963\niy\n', 'WPC\n643\n', 'DMBC00897\nRICHARDBDOMINICK\n\nMOTH8BUTTERFLYCOLLECTION\nUNIVERSITYOFSOUTHCAROLINA\n']","['2025\n', 'RRD\nC R\nC\n29458\n\n51963\n', 'C\n643\n', 'DC00897\nRCRDDC\n\n8RCC\nRCR\n']","['P\n2025\n', 'C\nC\nP 29458\n\n51963\n', 'WPC\n643\n', 'PC00897\nCC\n\n8CC\nC\n']",modelv1.0__2025-04-08 15:18:50
D:/moth_photos/database/batch_07\img_moth_00013508.jpg,"[4000, 6000]",36.1764705882353,"['Photographedby\nAFletcher\n2025\n', 'RBDominick\nCharlesREdwards\nSo McClellanvillee\nSouthCarolina29458\n\n73Octs947\nhignt\n', 'WPC\n612\n']","['2025\n', 'RRD\nCR\nC\nC29458\n\n734947\n', 'C\n612\n']","['P\n2025\n', 'C\nC\nC29458\n\n734947\n', 'WPC\n612\n']",modelv1.0__2025-04-08 15:18:50
D:/moth_photos/database/batch_07\img_moth_00013509.jpg,"[4000, 6000]",36.35294117647059,"['Photographedby\nAFletcher\n2025\n', 'KBDominick\nChariesR Edwards\nMcClellanville\nSouthCarolina29458\nZFeDlavNw7\nLlgyyfe\n', 'WPC\n644\n']","['2025\n', 'R5D\nCR 7\nC\n0C29458\nD7\n', 'C\n644\n']","['P\n2025\n', '5\nC 7\nC\n0C29458\nP7\n', 'WPC\n644\n']",modelv1.0__2025-04-08 15:18:50
D:/moth_photos/database/batch_07\img_moth_00013510.jpg,"[4000, 6000]",36.31372549019608,"['Photographed by\nAFletcher\n2025\n', 'KRDVONLIMCK\nMcClellanville\n\nSouthCarolina\nGoch 1993\nhi ah\n', 'WPC\n613\n']","['2025\n', 'RDCCR\nC\n\nC\n4 1993\n4\n', 'C\n613\n']","['P\n2025\n', 'WWCC\nC\n\nC\n4 1993\n4\n', 'WPC\n613\n']",modelv1.0__2025-04-08 15:18:50
D:/moth_photos/database/batch_07\img_moth_00013511.jpg,"[4000, 6000]",36.620000000000005,"['Photographedby\n\nAFletcher\n2025\n', 'R BDominick\nChariesREdwards\nMcClellanville\nSouthCarolina29458\n\nBees 1969\n', '']","['2025\n', 'R D\nCR\nC\nC29458\n\n8 1969\n', '']","['P\n\n2025\n', 'C\nC\nC29458\n\n8 1969\n', '']",modelv1.0__2025-04-08 15:18:50
D:/moth_photos/database/batch_07\img_moth_00013512.jpg,"[4000, 6000]",36.47058823529411,"['Photographedby\nAFletcher\n2025\n', 'RBDominick\n\nCharlesREdwards\n\nMcClellanville\neSouthCarolina29458\n\nSVOc479L7\nhigh\n', 'WPC\n614\n']","['2025\n', 'RD\n\nCR\n\nC\nC29458\n\n0047947\n', 'C\n614\n']","['P\n2025\n', 'C\nC\nC29458\n\n0047947\n', 'WPC\n614\n']",modelv1.0__2025-04-08 15:18:50
D:/moth_photos/database/batch_07\img_moth_00013513.jpg,"[4000, 6000]",36.11764705882353,"['Photographedby\nAFletcher\n2025\n', 'WPC\n\n646\n', 'KBDominici\nMcClellanville\nSouth Carolin\n\nSMby1473\n']","['2025\n', 'C\n\n646\n', 'RD\nC\nC\n\n1473\n']","['P\n2025\n', 'WPC\n\n646\n', 'C\nC\n\n1473\n']",modelv1.0__2025-04-08 15:18:50
D:/moth_photos/database/batch_07\img_moth_00013514.jpg,"[4000, 6000]",36.8,"['Photographed by\nAFletcher\n2025\n', 'RBDominick\nCharlesREdwards\nMcCfellanville\nSouthCarolina29458\n\nZOCKIUES\nJisnt\n', 'WPC\n615\n']","['2025\n', 'RRD\nCR\nC\nC29458\n\n2CCR\n', 'C\n615\n']","['P\n2025\n', 'C\nC\nC29458\n\n2CC\n', 'WPC\n615\n']",modelv1.0__2025-04-08 15:18:50
D:/moth_photos/database/batch_07\img_moth_00013515.jpg,"[4000, 6000]",36.76,"['Photographedby\nAFletcher\n2025\n', 'KBDominick\n\nCharlesREdwards\nMcClellanville\nSouthCarolina2945\n\n3s IGS\nLS4n\n', '']","['2025\n', 'RRD\n\nCR\nC\nC2945\n\n3 196\n24\n', '']","['P\n2025\n', 'C\nC\nC2945\n\n3 196\n24\n', '']",modelv1.0__2025-04-08 15:18:50
D:/moth_photos/database/batch_07\img_moth_00013516.jpg,"[4000, 6000]",36.3921568627451,"['Photographed by\nAFletcher\n2025\n', 'RBVominick\nChariesR Edwards7\nMcOdellanville\n\n4ST\n', 'WPC\n616\n']","['2025\n', 'RD\nCR 7\n\n4\n', 'C\n616\n']","['P\n2025\n', 'C 7\n\n4\n', 'WPC\n616\n']",modelv1.0__2025-04-08 15:18:50
D:/moth_photos/database/batch_07\img_moth_00013517.jpg,"[4000, 6000]",36.459999999999994,"['Photographedby\nAFletcher\n2025\n', 'KBVominick\nCharlesREdwards\nMcClellanville\nSouthCarolina2945\n\n19Feb197\nLshheX\n', '']","['2025\n', 'RDD\nCR\nC\nC2945\n\n19197\n', '']","['P\n2025\n', 'C\nC\nC2945\n\n19197\n', '']",modelv1.0__2025-04-08 15:18:50
D:/moth_photos/database/batch_07\img_moth_00013518.jpg,"[4000, 6000]",36.580000000000005,"['Photographed by\nAFletcher\n2025\n', 'McOlellanville\nye Carolina pe\nock 969\nSink\n\nRBDominick\nCharlesREdwards 4\n', 'WPC\n617\n']","['2025\n', 'C\nC\n969\n\nRRD\nCR 4\n', 'C\n617\n']","['P\n2025\n', 'C\nC\n969\n\nC 4\n', 'WPC\n617\n']",modelv1.0__2025-04-08 15:18:50
D:/moth_photos/database/batch_07\img_moth_00013519.jpg,"[4000, 6000]",36.7,"['Photographedby\nAFletcher\n2025\n', '', 'o\n\nMcClellanville\nSouthCarolina Ov\nRBDominick\n\nJOAur\nLigyeTE7\n\nf\n\n', 'Mc Clellanville\nSouthCarolina ao7\n\nRBDominick\n']","['2025\n', '', 'C\nC 7\nRRD\n\n0\n187\n\n', 'C\nC 7\n\nRRD\n']","['P\n2025\n', '', 'C\nC 7\n\n0\n187\n\n', 'C\nC 7\n']",modelv1.0__2025-04-08 15:18:50
D:/moth_photos/database/batch_07\img_moth_00013520.jpg,"[4000, 6000]",36.13725490196078,"['Photographed by\nAFletcher\n2025\n', 'RBDominick\nChariesR Edwaris\nMcClellanville\n\nSottthCarolina29458\n\nJYActs9b\ntht\n', 'WPC\n618\n']","['2025\n', 'RD\nCR\nC\n\nC29458\n\n96\n', 'C\n618\n']","['P\n2025\n', 'C W\nC\nC29458\n\n96\n', 'WPC\n618\n']",modelv1.0__2025-04-08 15:18:50
D:/moth_photos/database/batch_07\img_moth_00013521.jpg,"[4000, 6000]",36.379999999999995,"['Photographedby\nAFletcher\n2025\n', 'WPC\n650\n', 'oe\n\nMcClellanville\n\npou Carolina O f\nDominick\n\n0 us OB046 7\n', 'McClellanville\nSouthCarolina\nRBDominick\n']","['2025\n', 'C\n650\n', 'C\nC C\nD\n\n0 R046 7\n', 'C\nC\nRRD\n']","['P\n2025\n', 'WPC\n650\n', 'C\nC C\n\n0 C046 7\n', 'C\nC\n']",modelv1.0__2025-04-08 15:18:50
D:/moth_photos/database/batch_07\img_moth_00013522.jpg,"[4000, 6000]",36.580000000000005,"['Photographed by\nAFletcher\n2025\n', 'nBVominick\nCharlesR rthaara4\nMcClellanville\nSouthCarolina29458 e\n1OCthG9LE\nLishfp\n', 'WPC\n619\n']","['2025\n', 'CR 4\nC\nC29458\n1C946\n', 'RC\n619\n']","['P\n2025\n', 'C 4\nC\nC29458\n1C946\n', 'WPC\n619\n']",modelv1.0__2025-04-08 15:18:50
D:/moth_photos/database/batch_07\img_moth_00013523.jpg,"[4000, 6000]",36.48,"['Photographedby\nAFletcher\n2025\n', 'McClellanville\nSouthCarolina ol\nRBDominick\n\noHhxg196\n', '651\n', 'McClellanville\nSouth Carolina o\nRBDominick\n']","['2025\n', 'C\nC\nRD\n\n196\n', '651\n', 'C\nC\nRRD\n']","['P\n2025\n', 'C\nC\n\n196\n', '651\n', 'C\nC\n']",modelv1.0__2025-04-08 15:18:50
D:/moth_photos/database/batch_07\img_moth_00013524.jpg,"[4000, 6000]",36.580000000000005,"['Photographedby\nAFletcher\n2025\n', 'KBVDominick\n\nCharlesR vileC\n\nMcCfgellanville\nuthCarolina29458\n\nVOcL19Le\nList\n', 'WPC\n620\n']","['2025\n', 'RDC\n\nCR C\n\nC\nC29458\n\nC192\n', 'RC\n620\n']","['P\n2025\n', 'C\n\nC C\n\nC\nC29458\n\nC192\n', 'WPC\n620\n']",modelv1.0__2025-04-08 15:18:50
D:/moth_photos/database/batch_07\img_moth_00013525.jpg,"[4000, 6000]",36.24,"['Photographedby\nAFletcher\n2025\n', 'RB Dominick\nCharlesREdwards\nMcClellanville\nSouth Carolina 29458\n\n0\n5 ralad\n', '652\n']","['2025\n', 'R8 D\nCR\nC\nC4 29458\n\n0\n5\n', '652\n']","['P\n2025\n', '8\nC\nC\nC4 29458\n\n0\n5\n', '652\n']",modelv1.0__2025-04-08 15:18:50
D:/moth_photos/database/batch_07\img_moth_00013526.jpg,"[4000, 6000]",36.52,"['Photographed by\nAFletcher\n2025\n', 'KbBVominic\nCheriesR Edwards\nMcGlellanville\nSouthCarolina29458\n', '621\n']","['2025\n', 'RC\nCR\nC29458\n', '621\n']","['P\n2025\n', 'C\nC\nC29458\n', '621\n']",modelv1.0__2025-04-08 15:18:50
D:/moth_photos/database/batch_07\img_moth_00013527.jpg,"[4000, 6000]",36.48,"['Photographedby\nAFletcher\n2025\n', 'RB Dominick\nCharlesREdwards\nMcClellanville\nSouth Carolina29458\n\nsMou1967\n', '']","['2025\n', 'R D\nCR\nC\nC29458\n\n1967\n', '']","['P\n2025\n', 'C\nC\nC29458\n\n1967\n', '']",modelv1.0__2025-04-08 15:18:50
D:/moth_photos/database/batch_07\img_moth_00013528.jpg,"[4000, 6000]",36.7,"['Photographed by\nAFletcher\n2025\n', 'RBDominick\nCharlesREdwards\nMcClellanville\nZOc4ts96Y\n\nLICbs\n', '622\n']","['2025\n', 'RD\nCR\nC\n204969\n\n1C\n', '622\n']","['P\n2025\n', 'C\nC\n204969\n\n1C\n', '622\n']",modelv1.0__2025-04-08 15:18:50
D:/moth_photos/database/batch_07\img_moth_00013529.jpg,"[4000, 6000]",36.56,"['Photographedby\nAFletcher\n2025\n', 'WPC\n654\n', 'EEE\n\nRBDominick\nCharlesREdwards\nMcClellanville\nQouthCarolina29458\n\n24Dt1467\nAight\n']","['2025\n', 'C\n654\n', 'RRD\nCR\nC\nC29458\n\n24D1467\n']","['P\n2025\n', 'WPC\n654\n', 'C\nC\nC29458\n\n2401467\n']",modelv1.0__2025-04-08 15:18:50
D:/moth_photos/database/batch_07\img_moth_00013530.jpg,"[4000, 6000]",36.78,"['Photographedby\nAFletcher\n2025\n', 'R BDominick\nCharlesREdwards\nMcClellanville os\nSoutlgCarolina2945\n\nZOct9L6\nLiner\n', '623\n']","['2025\n', 'R D\nCR\nC\nC2945\n\n96\nC\n', '623\n']","['P\n2025\n', 'C\nC\nC2945\n\n96\nC\n', '623\n']",modelv1.0__2025-04-08 15:18:50
D:/moth_photos/database/batch_07\img_moth_00013531.jpg,"[4000, 6000]",36.4,"['Photographedby\nAFletcher\n2025\n', 'RBDominick\n\nCharlesREdwards\nMcClellanville\ngeouth Carolina29458\n\nwedge\n', 'WPC\n655\n']","['2025\n', 'RD\n\nCR\n\nC\nC29458\n', 'C\n655\n']","['P\n2025\n', 'C\nC\nC29458\n', 'WPC\n655\n']",modelv1.0__2025-04-08 15:18:50
D:/moth_photos/database/batch_07\img_moth_00013532.jpg,"[4000, 6000]",36.27450980392157,"['Photographed by\nAFletcher\n2025\n', 'RBDominick\nCharlesREdwards\nMcClellanville Ss\nSouthCarolina29458\n\nCecss96P\nLight\n', '624\n']","['2025\n', 'RRD\nCR\nC\nC29458\n\nC96\n1\n', '624\n']","['P\n2025\n', 'C\nC\nC29458\n\nC96P\n1\n', '624\n']",modelv1.0__2025-04-08 15:18:50
D:/moth_photos/database/batch_07\img_moth_00013533.jpg,"[4000, 6000]",36.44,"['Photographedby\nAFletcher\n2025\n', 'McClellanville\nSouth Cerolina wae\n\nSep1466\n', 'WPC\n656\n']","['2025\n', 'C\nC\n\n1466\n', 'C\n656\n']","['P\n2025\n', 'C\nC W\n\n1466\n', 'WPC\n656\n']",modelv1.0__2025-04-08 15:18:50
D:/moth_photos/database/batch_07\img_moth_00013534.jpg,"[4000, 6000]",36.56,"['Photographedby\nAFletcher\nr40F4e\n', 'KRBVOomMiInIcK\nCheriesR Edwards\nMcClellanville\n\nJ1O004196F\nLISsit\n', 'WPC\n625\n']","['4040\n', 'RDC\nCR\nC\n\n1004196\n4\n', 'C\n625\n']","['P\n4040\n', 'C\nC\nC\n\n1004196\n4\n', 'WPC\n625\n']",modelv1.0__2025-04-08 15:18:50
D:/moth_photos/database/batch_07\img_moth_00013535.jpg,"[4000, 6000]",36.620000000000005,"['Photographedby\nAFletcher\n2025\n', 'WPC\n657\n', 'McClellanville\nSouthCarolina\nRBDominick\n\n3041267\n']","['2025\n', 'C\n657\n', 'C\nC\nRRD\n\n3041267\n']","['P\n2025\n', 'WPC\n657\n', 'C\nC\n\n3041267\n']",modelv1.0__2025-04-08 15:18:50
D:/moth_photos/database/batch_07\img_moth_00013536.jpg,"[4000, 6000]",36.78,"['Photographedby\nAFletcher\n2025\n', 'RBDominick\nCharlesREdwardis\nMcClellanville\nSouthCarolina29458\n\nMbct96F\nLight\n', 'WPC\n626\n']","['2025\n', 'RRD\nCR\nC\nC29458\n\n967\n', 'C\n626\n']","['P\n2025\n', 'C\nC\nC29458\n\n967\n', 'WPC\n626\n']",modelv1.0__2025-04-08 15:18:50
D:/moth_photos/database/batch_07\img_moth_00013537.jpg,"[4000, 6000]",36.5,"['Photographedby\nAFletcher\n2025\n', '1WPC\n658\n', 'McClellanville\nSouthCarolina\nDominick\nZe 7 gf o 7\nk1Gbr\n\nCRE\n']","['2025\n', '1C\n658\n', 'C\nC\nD\n7 7 9 7\n16\n\nCR\n']","['P\n2025\n', '1WPC\n658\n', 'C\nC\n7 7 9 7\n\n16\n\nC\n']",modelv1.0__2025-04-08 15:18:50
D:/moth_photos/database/batch_07\img_moth_00013538.jpg,"[4000, 6000]",36.739999999999995,"['Photographed by\nAFletcher\n2025\n', 'RBDominick\nCharlesREdwards\nMcClellanville ey\nSouthCarolina2945\n\n26t456B\n\ngnikt\n', 'WPC\n627\n']","['2025\n', 'RD\nCR\nC\nC2945\n\n264568\n', 'C\n627\n']","['P\n2025\n', 'C\nC\nC2945\n\n264568\n', 'WPC\n627\n']",modelv1.0__2025-04-08 15:18:50
D:/moth_photos/database/batch_07\img_moth_00013539.jpg,"[4000, 6000]",36.379999999999995,"['Photographedby\nAFletcher\n2025\n', 'McClellanville\nSouthCarolina oT\nRBDominick\n\nq Pyeg167\n', '659\n']","['2025\n', 'C\nC 7\nRRD\n\n7 D167\n', '659\n']","['P\n2025\n', 'C\nC 7\n\n7 P167\n', '659\n']",modelv1.0__2025-04-08 15:18:50
D:/moth_photos/database/batch_07\img_moth_00013540.jpg,"[4000, 6000]",36.33333333333333,"['Photographedby\nAFletcher\n2025\n', 'RBDominick\n\nCharlesR Edwarisa\nMcCiellanville\n\nSoutlt a 29458\n\nJfOckJGbR\nduichht\n', 'WPC\n628\n']","['2025\n', 'RRD\n\nCR\nC\n\n29458\n\n1C9R\n', 'C\n628\n']","['P\n2025\n', 'C W\nC\n\n29458\n\n1C9\nP\n', 'WPC\n628\n']",modelv1.0__2025-04-08 15:18:50
D:/moth_photos/database/batch_07\img_moth_00013541.jpg,"[4000, 6000]",36.379999999999995,"['Photographedby\nAFletcher\n2025\n', '660\n', 'McClellanville\n\nSouthCarolina\nRBDominick\n\n19 s 19by\nLigh\n']","['2025\n', '660\n', 'C\n\nC\nRRD\n\n19 19\n']","['P\n2025\n', '660\n', 'C\n\nC\n\n19 19\n']",modelv1.0__2025-04-08 15:18:50
D:/moth_photos/database/batch_07\img_moth_00013542.jpg,"[4000, 6000]",36.196078431372555,"['Photographedby\nAFletcher\n2025\n', 'NOVominicK\n\nCharlesREdwards\n\nwc ellanville\n29458\n\n1S af 1963\n', 'WPC\n629\n']","['2025\n', 'CR\n29458\n\n1 1963\n', 'C\n629\n']","['P\n2025\n', 'C\n29458\n\n1 1963\n', 'WPC\n629\n']",modelv1.0__2025-04-08 15:18:50
D:/moth_photos/database/batch_07\img_moth_00013543.jpg,"[4000, 6000]",36.44,"['Photographedby\nAFletcher\n2025\n', 'Me Cle envi e\ngarctingO7\n3 fMawy 1967\ny\n', 'WPC\n661\n', 'Mc Clellanville\nSouth Cerolina\nDominick\n']","['2025\n', 'C\n7\n3 1967\n', 'C\n661\n', 'C\nC\nD\n']","['P\n2025\n', 'C\n7\n3 1967\n', 'WPC\n661\n', 'C\nC\n']",modelv1.0__2025-04-08 15:18:50
D:/moth_photos/database/batch_07\img_moth_00013544.jpg,"[4000, 6000]",36.549019607843135,"['Photographedby\nAFletcher\n2025\n', 'SeOVMOMINICK\nSharlesREdward\nicClellanville\nouthCarolina\n\n3Ocf1972\n', 'WPC\n630\n']","['2025\n', 'C\nR\nC1\nC\n\n3C1972\n', 'C\n630\n']","['P\n2025\n', 'C\nC1\nC\n\n3C1972\n', 'WPC\n630\n']",modelv1.0__2025-04-08 15:18:50
D:/moth_photos/database/batch_07\img_moth_00013545.jpg,"[4000, 6000]",36.6,"['Photographedby\nAFletcher\n2025\n', 'McClellan lle\nSouthCarofi\nReB Dominik\n\n2Junes77\n1ght2cRE\n', 'WPC\n662\n']","['2025\n', 'C\nC\nR8 D\n\n277\n192R\n', 'C\n662\n']","['P\n2025\n', 'C\nC\n8\n\n277\n192\n', 'WPC\n662\n']",modelv1.0__2025-04-08 15:18:50
D:/moth_photos/database/batch_07\img_moth_00013546.jpg,"[4000, 6000]",36.52,"['Photographedby\nAFletcher\n2025\n', 'X8Vominick\nMcClellgnville\nSouthCarolinaQ\n1YOA19724\n\nf4s4\n', 'WPC\n631\n']","['2025\n', '8D\nC\nC\n1419724\n\n44\n', 'C\n631\n']","['P\n2025\n', '8\nC\nC\n1419724\n\n44\n', 'WPC\n631\n']",modelv1.0__2025-04-08 15:18:50
D:/moth_photos/database/batch_07\img_moth_00013547.jpg,"[4000, 6000]",36.580000000000005,"['Photographedby\nAFletcher\n2025\n', 'EE\n\nMcClellanville\nSouth Carolina\nDominick\n\n23 Mas G6\nLirvLA\n', 'WPC\n663\n']","['2025\n', 'R\n\nC\nC\nD\n\n23 6\n', 'C\n663\n']","['P\n2025\n', 'C\nC\n\n23 6\n', 'WPC\n663\n']",modelv1.0__2025-04-08 15:18:50
D:/moth_photos/database/batch_07\img_moth_00013548.jpg,"[4000, 6000]",36.5,"['Photographedby\nAFletcher\n2025\n', 'mNBeMOMINICK\nCharlesREdwards\nMcClellanville 7\nSouthCarolina\n\n12OctF72\nLiahk\n', 'WPC\n632\n']","['2025\n', 'C\nCR\nC 7\nC\n\n12C472\n', 'C\n632\n']","['P\n2025\n', 'C\nC\nC 7\nC\n\n12C472\n', 'WPC\n632\n']",modelv1.0__2025-04-08 15:18:50
D:/moth_photos/database/batch_07\img_moth_00013549.jpg,"[4000, 6000]",36.56,"['Photographedby\nAFletcher\nr40P40\n', 'WPC\n664\n', 'McClellanville\nSouthCarolina o7\nRBDominick\n\nAunt\nFJeeese1967\n']","['4040\n', 'C\n664\n', 'C\nC 7\nRRD\n\n146\n1967\n']","['P\n40P40\n', 'WPC\n664\n', 'C\nC 7\n\n146\n1967\n']",modelv1.0__2025-04-08 15:18:50
D:/moth_photos/database/batch_07\img_moth_00013550.jpg,"[4000, 6000]",36.7,"['Photographedby\nAFletcher\n2025\n', 'SOUTHCAROLINA\nWedgePlantation\n\nMcClella meye\n251X115\n\nC aSiitteJ\n', 'BRooD3 i\n\nRearedexovoon\ne\n\nTarexackm\n', 'WPC\n633\n']","['2025\n', 'CRC\n\nC\n251115\n\nC 3\n', '8R0D3\n\nR\n\nC\n', 'C\n633\n']","['P\n2025\n', 'CC\nWP\n\nC\n251115\n\nC 3\n', '803\n\nC\n', 'WPC\n633\n']",modelv1.0__2025-04-08 15:18:50
D:/moth_photos/database/batch_07\img_moth_00013551.jpg,"[4000, 6000]",36.42,"['Photographedby\nAFletcher\n2025\n', 'WPC\n665\n\n', 'RBDominick\n\nCharlesREdwards\nMcClellanvillee\nSouthCarolina29458\n\n48Oct967\nAight\n']","['2025\n', 'RC\n665\n\n', 'RRD\n\nCR\nC\nC29458\n\n48967\n1\n']","['P\n2025\n', 'WPC\n665\n\n', 'C\nC\nC29458\n\n48967\n1\n']",modelv1.0__2025-04-08 15:18:50
D:/moth_photos/database/batch_07\img_moth_00013552.jpg,"[4000, 6000]",36.49019607843137,"['Photographedby\nAFletcher\n2025\n', 'BROOD3\n\nRearedexovoon\n2\n\nTaraxacum\n', 'SOUTHCAROLINA\nWedgePlantation\nMcClellanuille\n\n241K1964\n\nDCFerguson\n', 'WPC\n634\n']","['2025\n', 'RRD3\n\nR\n2\n', 'CRC\nC\n\n2411964\n\nDC\n', 'C\n634\n']","['P\n2025\n', '3\n\n2\n', 'CC\nWP\nC\n\n2411964\n\nCP\n', 'WPC\n634\n']",modelv1.0__2025-04-08 15:18:50
D:/moth_photos/database/batch_07\img_moth_00013553.jpg,"[4000, 6000]",36.68,"['Photographedby\nAFletcher\n2025\n', 'WPC\n666\n', 'Mc Cietlanville\nSouthCarolin aT\nR Dominick\n\n7Soty 1466\n\nEE\n']","['2025\n', 'C\n666\n', 'C\nC 71\nR D\n\n7 1466\n']","['P\n2025\n', 'WPC\n666\n', 'C\nC 71\n\n7 1466\n']",modelv1.0__2025-04-08 15:18:50
D:/moth_photos/database/batch_07\img_moth_00013554.jpg,"[4000, 6000]",36.588235294117645,"['Photographedby\nAFletcher\n2025\n', 'KBDominick\nChariesREdwaris\nMcClellanville 5\nSouthTarolina29458\nAq fron GLE\nLigh\n', 'WPC\n635\n', 'DMBC00890\nRICHARDBDOMINICK\n\nMOTH8BUTTERFLYCOLLECTION\nUNIVERSITYOFSOUTHCAROLINA\n']","['2025\n', 'R6D\nCR\nC 5\nC29458\n4 1\n44\n', 'C\n635\n', 'DC00890\nRCRDRDC\n\n8RRCC\nRCR\n']","['P\n2025\n', '6\nC\nC 5\nC29458\n4 1\n44\n', 'WPC\n635\n', 'PC00890\nCC\n\n8CC\nC\n']",modelv1.0__2025-04-08 15:18:50
D:/moth_photos/database/batch_07\img_moth_00013555.jpg,"[4000, 6000]",36.620000000000005,"['Photographedby\nAFletcher\n2025\n', 'RBDominick\nCharlesREdwards\n\n4 McClellanville e\nSouthCarolina29458\n9oct9b47\nAotSH a\n', 'WPC\n667\n']","['2025\n', 'RRD\nCR\n\n4 C\nC29458\n99647\n', 'C\n667\n']","['P\n2025\n', 'C\n\n4 C\nC29458\n99647\n', 'WPC\n667\n']",modelv1.0__2025-04-08 15:18:50
D:/moth_photos/database/batch_07\img_moth_00013556.jpg,"[4000, 6000]",36.44,"['Photographedby\nAFletcher\n2025\n', 'WPC\n668\n', 'iO\n\nMc Clellanville\nSouthCarolina\nRBDominick\n\nAmOu1467\nAignl\n']","['2025\n', 'C\n668\n', 'C\nC\nRD\n\n01467\n']","['P\n2025\n', 'WPC\n668\n', 'C\nC\n\nW01467\n']",modelv1.0__2025-04-08 15:18:50
D:/moth_photos/database/batch_07\img_moth_00013557.jpg,"[4000, 6000]",36.48,"['Photographedby\nAFletcher\n2025\n', 'WPCC\n669\n', 'McClellanville\nSouthCarolina\nRBDominick\n\nbeout1967\nAight\n']","['2025\n', 'RC\n669\n', 'C\nC\nRD\n\n1967\n']","['P\n2025\n', 'WPCC\n669\n', 'C\nC\n\n1967\n']",modelv1.0__2025-04-08 15:18:50
D:/moth_photos/database/batch_07\img_moth_00013558.jpg,"[4000, 6000]",36.66,"['Photographedby\nAFletcher\n2025\n', 'McClellanville\nSouthCarolina\nRBDominick\n\n3MOit1467\n', '670\n']","['2025\n', 'C\nC\nRD\n\n301467\n', '670\n']","['P\n2025\n', 'C\nC\n\n301467\n', '670\n']",modelv1.0__2025-04-08 15:18:50
D:/moth_photos/database/batch_07\img_moth_00013559.jpg,"[4000, 6000]",36.6,"['Photographedby\nAFletcher\n2025\n', 'WPC\n671\n', 'RBDominick\nCharesREdwards\nMcClellanville\nSouthCarolina29458\n\n406Gets947\nhishe\n']","['2025\n', 'C\n671\n', 'RD\nCR\nC\nC29458\n\n406947\n']","['P\n2025\n', 'WPC\n671\n', 'C\nC\nC29458\n\n406947\n']",modelv1.0__2025-04-08 15:18:50
D:/moth_photos/database/batch_07\img_moth_00013560.jpg,"[4000, 6000]",36.66,"['Photographedby\nAFletcher\n2025\n', 'WPC\n672\n', 'MCClelianville\nSouth Carolina S\n']","['2025\n', 'C\n672\n', 'CC\nC\n']","['P\n2025\n', 'WPC\n672\n', 'CC\nC\n']",modelv1.0__2025-04-08 15:18:50
D:/moth_photos/database/batch_07\img_moth_00013561.jpg,"[4000, 6000]",36.5,"['Photoqraphedby\nAFletcher\n2025\n', 'WPC\n673\n', 'EES\nL Se df 1t67\nLizghe\n\n', 'McClellanville\nSouth Carolina o7\nr RB Dominick\n']","['2025\n', 'C\n673\n', '167\n\n', 'C\nC 7\nR D\n']","['P\n2025\n', 'WPC\n673\n', '167\n\n', 'C\nC 7\n']",modelv1.0__2025-04-08 15:18:50
D:/moth_photos/database/batch_07\img_moth_00013562.jpg,"[4000, 6000]",36.44,"['Photographedby\nAFletcher\n2025\n', 'WPC\n674\n', 'SouthCarolingo77\nRBDominick\n9 JurF62\n']","['2025\n', 'C\n674\n', 'C277\nRD\n9 D62\n']","['P\n2025\n', 'WPC\n674\n', 'C277\n9 62\n']",modelv1.0__2025-04-08 15:18:50
D:/moth_photos/database/batch_07\img_moth_00013563.jpg,"[4000, 6000]",36.620000000000005,"['Photographedby\nAFletcher\n2025\n', 'McClellanville\nSouthCarolina\nRBDominick\n\n79Tulu967\nhight MK\n\n', 'WPC\n675\n']","['2025\n', 'C\nC\nRRD\n\n79967\n\n', 'C\n675\n']","['P\n2025\n', 'C\nC\n\n79967\nW\n\n', 'WPC\n675\n']",modelv1.0__2025-04-08 15:18:50
D:/moth_photos/database/batch_07\img_moth_00013564.jpg,"[4000, 6000]",36.6,"['Photographedby\nAFletcher\n2025\n', 'McClellanville\n\nSouthCarolina\nRB Cerolinae7\n\n17Fun ey I467\nAiehf\n', 'WPC\n676\n\n']","['2025\n', 'C\n\nC\nR C7\n\n17 467\n', 'C\n676\n\n']","['P\n2025\n', 'C\n\nC\nC7\n\n17 467\n', 'WPC\n676\n\n']",modelv1.0__2025-04-08 15:18:50
D:/moth_photos/database/batch_07\img_moth_00013565.jpg,"[4000, 6000]",36.5,"['Photographedby\nAFletcher\n2025\n', 'McClellanville\neSouthCarolina\nRBDominiek\n\n22Junes7e7\nLight Cle\n', 'WPC\n677\n']","['2025\n', 'C\nC\nR8D\n\n2277\n4 C\n', 'C\n677\n']","['P\n2025\n', 'C\nC\n8\n\n2277\n4 C\n', 'WPC\n677\n']",modelv1.0__2025-04-08 15:18:50
D:/moth_photos/database/batch_07\img_moth_00013566.jpg,"[4000, 6000]",36.5,"['Photographedby\nAFletcher\n2025\n', 'McClellanville\nSouthCarolina\nCharlesREdwards\n\nLAMaGSICT\nA1T4\n', 'WPC\n679\n']","['2025\n', 'C\nC\nCR\n\n9C\n414\n', 'C\n679\n']","['P\n2025\n', 'C\nC\nC\n\n9C\n414\n', 'WPC\n679\n']",modelv1.0__2025-04-08 15:18:50
D:/moth_photos/database/batch_07\img_moth_00013567.jpg,"[4000, 6000]",36.459999999999994,"['Photographedby\nAFletcher\n2025\n', 'WPC\n680\n', 'McClellanville\nSouthCarolina\nCharlesREdwards\n\n9Juluispge7r\nLane\n']","['2025\n', 'RC\n680\n', 'C\nC\nCR\n\n97\n']","['P\n2025\n', 'WPC\n680\n', 'C\nC\nC\n\n97\n']",modelv1.0__2025-04-08 15:18:50
D:/moth_photos/database/batch_07\img_moth_00013568.jpg,"[4000, 6000]",36.27450980392157,"['Photographedby\nAFletcher\n2025\n', 'McClellanville\nSouthCarolina\nCharlesREdwards\n\nF4UusS1967\nssh\n', 'WPC\n681\n']","['2025\n', 'C\nC\nCR\n\n941967\n4\n', 'C\n681\n']","['P\n2025\n', 'C\nC\nC\n\n941967\n4\n', 'WPC\n681\n']",modelv1.0__2025-04-08 15:18:50
D:/moth_photos/database/batch_07\img_moth_00013569.jpg,"[4000, 6000]",36.580000000000005,"['Photographedby\nAFletcher\n2025\n', 'McClellanville\nSouthCarolina\nRBDominick\n\nthr\n', '682\n']","['2025\n', 'C\nC\nRD\n', '682\n']","['P\n2025\n', 'C\nC\n', '682\n']",modelv1.0__2025-04-08 15:18:50
D:/moth_photos/database/batch_07\img_moth_00013570.jpg,"[4000, 6000]",36.379999999999995,"['Photographedby\nAFletcher\n2025\n', 'WPC\n', 'McClellanville\nSouthCarolina\nCharlesR Edwards\n\noF Jetty 1967\nhegnt\n']","['2025\n', 'C\n', 'C\nC\nCR\n\n19 1967\n']","['P\n2025\n', 'WPC\n', 'C\nC\nC\n\n19 1967\n']",modelv1.0__2025-04-08 15:18:50
D:/moth_photos/database/batch_07\img_moth_00013571.jpg,"[4000, 6000]",36.56,"['Photographedby\nAFletcher\nr40F40\n', 'WPC\n684\n', 'McClellanville\nSquthCarolin\nRBDominic\n\n66\nLight 1\n']","['4040\n', 'RC\n684\n', 'C\nC\nRRD\n\n66\n1\n']","['P\nP4040\n', 'WPC\n684\n', 'C\nC\n\n66\n1\n']",modelv1.0__2025-04-08 15:18:50
D:/moth_photos/database/batch_07\img_moth_00013572.jpg,"[4000, 6000]",36.52,"['Photographedby\nAFletcher\n2025\n', 'BDominick\nharlesREdwards Py\nAcClellanville\nouthCarolina29458\n23JthejFI6S\n\nLiehAet\n', '685\n']","['2025\n', 'D\nR\nC\nC29458\n2365\n', '685\n']","['P\n2025\n', 'P\nC\nC29458\n2365\n', '685\n']",modelv1.0__2025-04-08 15:18:50
D:/moth_photos/database/batch_07\img_moth_00013573.jpg,"[4000, 6000]",36.68,"['Photographedby\nAFletcher\n2025\n', 'McClellanville\nSouthCarolina\nChgrles REdwards\n\n7Aug9e7\nLight\n', 'WPC\n686\n']","['2025\n', 'C\nC\nC R\n\n797\n', 'C\n686\n']","['P\n2025\n', 'C\nC\nC\n\n797\n', 'WPC\n686\n']",modelv1.0__2025-04-08 15:18:50
D:/moth_photos/database/batch_07\img_moth_00013574.jpg,"[4000, 6000]",36.66,"['Photographedby\nAFletcher\n2025\n', 'RBDominick\n6 CharlesREdwards\nMcClellanville\nSouth Carolina 29458 e\n26 Bek 1967\n', 'WPC\n687\n']","['2025\n', 'RD\n6 CR\nC\nC 29458\n26 1967\n', 'RC\n687\n']","['P\n2025\n', '6 C\nC\nC 29458\n\n26 1967\n', 'WPC\n687\n']",modelv1.0__2025-04-08 15:18:50
D:/moth_photos/database/batch_07\img_moth_00013575.jpg,"[4000, 6000]",36.379999999999995,"['Photographedby\nAFletcher\n2025\n', 'McClellanville 4\nSouth Carolina ov\nDominick\n\n7Fume46\nPusyf\n', 'WPC\n688\n', 'McClellanville p\nom\n\nSouthCarolina\nRBDominick\n']","['2025\n', 'C 4\nC\nD\n\n746\nD\n', 'C\n688\n', 'C 7\n\nC\nRRD\n']","['P\n2025\n', 'C 4\nC\n\n746\nP\n', 'WPC\n688\n', 'C 7\n\nC\n']",modelv1.0__2025-04-08 15:18:50
D:/moth_photos/database/batch_07\img_moth_00013576.jpg,"[4000, 6000]",36.379999999999995,"['Photographedby\nAFletcher\n2025\n', 'McClellanville\n\nSouth 1Garoling\nominick\n\n26 Mer 1968\nbiahto\n', 'WPC\n689\n', 'McClellanville\n\nSouth parclina\nRBDominick\n']","['2025\n', 'C\n\n1\n\n26 1968\n', 'C\n689\n', 'C\n\nRRD\n']","['P\n2025\n', 'C\n\n1\n\n26 1968\n', 'WPC\n689\n', 'C\n']",modelv1.0__2025-04-08 15:18:50
D:/moth_photos/database/batch_07\img_moth_00013577.jpg,"[4000, 6000]",36.4,"['Photographedby\nAFletcher\n2025\n', 'WPC\n690\n', 'KB Dominick\nMcClellanville\nSouthCarolina29458\n\nhtpthe\n']","['2025\n', 'C\n690\n', 'R D\nC\nC29458\n']","['P\n2025\n', 'WPC\n690\n', 'C\nC29458\n']",modelv1.0__2025-04-08 15:18:50
D:/moth_photos/database/batch_07\img_moth_00013578.jpg,"[4000, 6000]",36.54,"['Photographedby\nAFletcher\nr40F40\n', 'McClellanville\nSouthCarolina\nRBDominick\n\n30\nfy\n', 'wec\n691\n']","['740740\n', 'C\nC\nRRD\n\n30\n', '691\n']","['P\n740740\n', 'C\nC\n\n30\n', 'W\n691\n']",modelv1.0__2025-04-08 15:18:50
D:/moth_photos/database/batch_07\img_moth_00013579.jpg,"[4000, 6000]",36.42,"['Photographedby\nAFletcher\n2025\n', 'McClellanville\nSertG9b7\nAgha\n', 'WPC\n692\n']","['2025\n', 'C\n97\n', 'C\n692\n']","['P\n2025\n', 'C\n97\n', 'WPC\n692\n']",modelv1.0__2025-04-08 15:18:50
D:/moth_photos/database/batch_07\img_moth_00013580.jpg,"[4000, 6000]",36.42,"['Photographedby\nAFletcher\n2025\n', 'WPC\n693\n', 'McClellanville\nSouthCarolina\nRBDominick\n\n19Julu1907\nLight cay\n']","['2025\n', 'C\n693\n', 'C\nC\nRRD\n\n191907\nC\n']","['P\n2025\n', 'WPC\n693\n', 'C\nC\n\n191907\nC\n']",modelv1.0__2025-04-08 15:18:50
D:/moth_photos/database/batch_07\img_moth_00013581.jpg,"[4000, 6000]",36.09803921568628,"['Photographedby\nAFletcher\n2025\n', 'WPC\n694\n', 'McClellanville\nSouthCarolina\nRBeDominick\n\nAO Au r 66\nLight\n']","['2025\n', 'C\n694\n', 'C\nC\nRRD\n\nR 66\n']","['P\n2025\n', 'WPC\n694\n', 'C\nC\n\n66\n']",modelv1.0__2025-04-08 15:18:50
D:/moth_photos/database/batch_07\img_moth_00013582.jpg,"[4000, 6000]",36.54,"['Photographedby\nAFletcher\n2025\n', 'WPC\n695\n', 'ee\nMcClellanville\n\nSouthCarolina 2\nBDominick s\nHscer 196C\nig nt\n']","['2025\n', 'C\n695\n', 'C\n\nC 2\nD\n196C\n']","['P\n2025\n', 'WPC\n695\n', 'C\n\nC 2\n196C\n']",modelv1.0__2025-04-08 15:18:50
D:/moth_photos/database/batch_07\img_moth_00013583.jpg,"[4000, 6000]",36.48,"['Photographedby\nAFletcher\n2025\n', 'WPC\n696\n', 'McClellanville\nSouth Carolina\nDominick\n\n4 Bu 468\nLic\n']","['2025\n', 'C\n696\n', 'C\nC\nD\n\n4 468\n']","['P\n2025\n', 'WPC\n696\n', 'C\nC\n\n4 468\n']",modelv1.0__2025-04-08 15:18:50
D:/moth_photos/database/batch_07\img_moth_00013584.jpg,"[4000, 6000]",36.52,"['Photographedby\nAFletcher\n2025\n', 'WPC\n697\n', 'McClellanville Co\nSouthCarolina\n']","['2025\n', 'C\n697\n', 'C C\nC\n']","['P\n2025\n', 'WPC\n697\n', 'C C\nC\n']",modelv1.0__2025-04-08 15:18:50
D:/moth_photos/database/batch_07\img_moth_00013585.jpg,"[4000, 6000]",36.56,"['Photographedby\nAFletcher\n2025\n', 'RBDominick\n\nCharlesREdwaris\n\nMcClellanvillee\n\nSouthCarolina29458\ne\n\nS Qcf 1947\n\nAShif\n', 'WPC\n698\n']","['2025\n', 'RRD\n\nCR\nC\nC29458\n5 1947\n4\n', 'C\n698\n']","['P\n2025\n', 'C\nC\nC29458\n5 1947\n4\n', 'WPC\n698\n']",modelv1.0__2025-04-08 15:18:50
D:/moth_photos/database/batch_07\img_moth_00013586.jpg,"[4000, 6000]",36.3,"['Photographedby\nAFletcher\n2025\n', 'WRC\n699\n', 'McClellanville\nSouthCarolina\n\nSGFueve967\nLiGh CRE\n']","['2025\n', 'RC\n699\n', 'C\nC\n\n49967\nCR\n']","['P\n2025\n', 'WPC\n699\n', 'C\nC\n\n49967\nC\n']",modelv1.0__2025-04-08 15:18:50
D:/moth_photos/database/batch_07\img_moth_00013587.jpg,"[4000, 6000]",36.13725490196078,"['Photographedby\nAFletcher\n2025\n', 'WPC\n700\n', 'RBDominick\nChariesREdwaris\nMcClellanville e\n\nAS5F344S967\nhight\n']","['2025\n', 'C\n700\n', 'RD\nCR\nC\n\n25344967\n']","['P\n2025\n', 'WPC\n700\n', 'C\nC\n\n25344967\n']",modelv1.0__2025-04-08 15:18:50
D:/moth_photos/database/batch_07\img_moth_00013588.jpg,"[4000, 6000]",36.34,"['Photographedby\nAFletcher\n2025\n', '', 'WPC\n701\n']","['2025\n', '', 'C\n701\n']","['P\n2025\n', '', 'WPC\n701\n']",modelv1.0__2025-04-08 15:18:50
D:/moth_photos/database/batch_07\img_moth_00013589.jpg,"[4000, 6000]",36.48,"['Photoqraphedby\nAFletcher\n2025\n', 'McClellanville\nSouthCarolina\nChariesREdwards\n\nAPJualy1967\n', 'WPC\n702\n']","['2025\n', 'C\nC\nCR\n\n1967\n', 'C\n702\n']","['P\n2025\n', 'C\nC\nC\n\nP1967\n', 'WPC\n702\n']",modelv1.0__2025-04-08 15:18:50
D:/moth_photos/database/batch_07\img_moth_00013590.jpg,"[4000, 6000]",36.44,"['Photoqraphedby\nAFletcher\n2025\n', 'McClellanville\nSouthCarolina\ne Charles REdwards\n\na ft9 S9L7\nLigh\n', 'WPC\n703\n']","['2025\n', 'C\nC\nC R\n\n9 9C7\n', 'C\n703\n']","['P\n2025\n', 'C\nC\nC\n\n9 9C7\n', 'WPC\n703\n']",modelv1.0__2025-04-08 15:18:50
D:/moth_photos/database/batch_07\img_moth_00013591.jpg,"[4000, 6000]",36.28,"['Photographedby\nAFletcher\n2025\n', 'McClellanville\nSouthCarolina\nCharlesREdwards\n\nZJuly S947\nL1ghI\n', 'WPC\n704\n']","['2025\n', 'C\nC\nCR\n\n947\n154\n', 'C\n704\n']","['P\n2025\n', 'C\nC\nC\n\n947\n154\n', 'WPC\n704\n']",modelv1.0__2025-04-08 15:18:50
D:/moth_photos/database/batch_07\img_moth_00013592.jpg,"[4000, 6000]",36.64,"['Photographedby\nAFletcher\n2025\n', 'WPC\n705\n', 'McClellanville\nSouthCarolina\n3 BDominick\n\n3Syh 19D\n']","['2025\n', 'C\n705\n', 'C\nC\n3 D\n\n3 19D\n']","['P\n2025\n', 'WPC\n705\n', 'C\nC\n3\n\n3 196\n']",modelv1.0__2025-04-08 15:18:50
D:/moth_photos/database/batch_07\img_moth_00013593.jpg,"[4000, 6000]",36.34,"['Photographedby\nAFletcher\n2025\n', 'McClellanville\n\nSouth Carolina\nRB\n\nDominick\n\na\nOLE1967\n', 'WPC\n706\n']","['2025\n', 'C\n\nC\nR8\n\nD\n\nC1967\n', 'RC\n706\n']","['P\n2025\n', 'C\n\nC\n8\n\nC1967\n', 'WPC\n706\n']",modelv1.0__2025-04-08 15:18:50
D:/moth_photos/database/batch_07\img_moth_00013594.jpg,"[4000, 6000]",36.52,"['Photographedby\nAFletcher\n2025\n', 'WPC\n707\n', 'McClellanville\nSouthCarolina\nRBDominicks\nLYSuly767\nList cet\n']","['2025\n', 'RC\n707\n', 'C\nC\nRRD\n19767\nC\n']","['P\n2025\n', 'WPC\n707\n', 'C\nC\n19767\nC\n']",modelv1.0__2025-04-08 15:18:50
D:/moth_photos/database/batch_07\img_moth_00013595.jpg,"[4000, 6000]",36.459999999999994,"['Photographedby\nAFletcher\n2025\n', 'WPC\n708\n', 'McClellanville\nSouthCarolina\nGharlesR Edwards\n\n49Had1947\n\n4S A\n']","['2025\n', 'C\n708\n', 'C\nC\nCR\n\n491947\n\n4 4\n']","['P\n2025\n', 'WPC\n708\n', 'C\nC\nC\n\n491947\n\n4 4\n']",modelv1.0__2025-04-08 15:18:50
D:/moth_photos/database/batch_07\img_moth_00013596.jpg,"[4000, 6000]",36.68,"['Photographedby\nAFletcher\n2025\n', 'WPC\n709\n', 'rr\nMcClellanville\n\nSouthCerolina a e\n\nBDominick\n\nR\n22Guly1966\nR27\n']","['2025\n', 'C\n709\n', 'C\nC\nRD\n\nR\n221966\nR27\n']","['P\n2025\n', 'WPC\n709\n', 'C\nC\n\n221966\n27\n']",modelv1.0__2025-04-08 15:18:50
D:/moth_photos/database/batch_07\img_moth_00013597.jpg,"[4000, 6000]",36.64,"['Photographedby\nAFletcher\n2025\n', '710\n', 'McClellanville772\nSouthCarolinaO\nRBDominick\n\ney 1966\nLicht\n', 'McClellanville77\nSouthCaerolina fos\nRBDominick\n\n2\n']","['2025\n', '710\n', 'C772\nC0\nRRD\n\n1966\n', 'C77\nC\nRRD\n\n2\n']","['P\n2025\n', '710\n', 'C772\nC0\n\n1966\n', 'C77\nC\n\n2\n']",modelv1.0__2025-04-08 15:18:50
D:/moth_photos/database/batch_07\img_moth_00013598.jpg,"[4000, 6000]",36.7,"['Photographedby\nAFletcher\n2025\n', 'McClellanville\nSouthCarolina\nRBDominick\n\nAight\n', '711\n']","['2025\n', 'C\nC\nRRD\n', '711\n']","['P\n2025\n', 'C\nC\n', '711\n']",modelv1.0__2025-04-08 15:18:50
D:/moth_photos/database/batch_07\img_moth_00013599.jpg,"[4000, 6000]",36.56,"['Photographedby\nAFletcher\n2025\n', 'kBDominick\n\nCharlesREdwards\n\nMcElellanville b\n\nSouthCarolina29458\n\n2Yfenr1969\nShe\n', '354\n']","['2025\n', 'RD\nCR\nC29458\n21969\n', '354\n']","['P\n2025\n', 'C\nC29458\n21969\n', '354\n']",modelv1.0__2025-04-08 15:18:50
D:/moth_photos/database/batch_07\img_moth_00013600.jpg,"[4000, 6000]",36.620000000000005,"['Photographedby\nAFletcher\n2025\n', 'R BDominick\n\nCharlesREdwards\nMcGlellanville\nSouthCarolfhe294587\n\nS e\nate 9b\n', 'WPC\n355\n']","['2025\n', 'R RD\n\nCR\nC294587\n\n9\n', 'C\n355\n']","['P\n2025\n', 'C\nC294587\n\n9\n', 'WPC\n355\n']",modelv1.0__2025-04-08 15:18:50
D:/moth_photos/database/batch_07\img_moth_00013601.jpg,"[4000, 6000]",36.15686274509804,"['Photographedby\nAFletcher\n2025\n', 'RBDominick\nCharlesREdwards\nMcClellanville\nSouthCarolina29458\n\n30mar 19c9\n', '356\n']","['2025\n', 'RRD\nCR\nC\nC29458\n\n30 199\n', '356\n']","['P\n2025\n', 'C\nC\nC29458\n\n30 199\n', '356\n']",modelv1.0__2025-04-08 15:18:50
D:/moth_photos/database/batch_07\img_moth_00013602.jpg,"[4000, 6000]",36.78,"['Photographedby\nAFletcher\n2025\n', 'RBVom\nCharlesREdwards\nMcClellanville\n\n2YJunelGoF\ndicho\n', 'WPC\n357\n']","['2025\n', 'R5\nCR\nC\n\n2\n', 'RC\n357\n']","['P\n2025\n', '5\nC\nC\n\n2P\n', 'WPC\n357\n']",modelv1.0__2025-04-08 15:18:50
D:/moth_photos/database/batch_07\img_moth_00013603.jpg,"[4000, 6000]",36.459999999999994,"['Photographedby\nAFletcher\n2025\n', 'NOVOominick\n\nSouthCarofina29458\nLifhed\n', 'WPC\n358\n']","['2025\n', 'C\n\nC29458\n', 'C\n358\n']","['P\n2025\n', 'C\n\nC29458\n', 'WPC\n358\n']",modelv1.0__2025-04-08 15:18:50
D:/moth_photos/database/batch_07\img_moth_00013604.jpg,"[4000, 6000]",36.739999999999995,"['Photographedby\nAFletcher\n2025\n', 'RBDominick\nCharlesREdwards\nMcClellanville\nSouthCardlina29458\n\n4SAfE1968\nAighy\n', 'WPC\n\n359\n']","['2025\n', 'RRD\nCR\nC\nC29458\n\n431968\n', 'C\n\n359\n']","['P\n2025\n', 'C\nC\nC29458\n\n43P1968\n', 'WPC\n\n359\n']",modelv1.0__2025-04-08 15:18:50
D:/moth_photos/database/batch_07\img_moth_00013605.jpg,"[4000, 6000]",36.6,"['Photographedby\nAFletcher\n2025\n', 'RBDominick\nChariesREdwanis\nMcClellanyille\nSouthCerolina29458\n24APR1FE 5\n\njadaitd\n', 'WPC\n360\n']","['2025\n', 'RRD\nCR\nC\nC29458\n24R13C 5\n', 'C\n360\n']","['P\n2025\n', 'C\nC\nC29458\n24P13C 5\n', 'WPC\n360\n']",modelv1.0__2025-04-08 15:18:50
D:/moth_photos/database/batch_07\img_moth_00013606.jpg,"[4000, 6000]",36.6,"['Photographedby\nAFletcher\nr4040\n', 'RBDominick\n\nCharles REdwards\nMcClellanyville Ss\nSouthCarolina29458\n\n2S5ApesFbS\n\nLsfhd\n', 'WPC\n\n361\n']","['4040\n', 'RRD\n\nC R\nC\nC29458\n\n2516\n', 'RC\n\n361\n']","['P\n4040\n', 'C\nC\nC29458\n\n2516\n', 'WPC\n\n361\n']",modelv1.0__2025-04-08 15:18:50
D:/moth_photos/database/batch_07\img_moth_00013607.jpg,"[4000, 6000]",36.5,"['Photographedby\nAFletcher\n2025\n', 'RBDominick\n\nChariesREdwards\nMcClellanville Sf\nSouthCarglina29458\n\nBIAye1G19\nh4\n\nLis\n', 'WPC\n362\n']","['2025\n', 'RD\n\nCR\nC\nC29458\n\n119\n4\n\n1\n', 'C\n362\n']","['P\n2025\n', 'C\nC\nC29458\n\n119\n4\n\n1\n', 'WPC\n362\n']",modelv1.0__2025-04-08 15:18:50
D:/moth_photos/database/batch_07\img_moth_00013608.jpg,"[4000, 6000]",36.23529411764706,"['Photographedby\nAFletcher\nr40F40\n', 'KBDominick\nChaflesREdwards\nMcClellanville\nSouthCardlina29458\n\ne\nOF 5 1F6\n', 'WPC\n363\n']","['4040\n', 'RRD\nCR\nC\nC29458\n\n5 16\n', 'C\n363\n']","['P\n4040\n', 'C\nC\nC29458\n\n5 16\n', 'WPC\n363\n']",modelv1.0__2025-04-08 15:18:50
D:/moth_photos/database/batch_07\img_moth_00013609.jpg,"[4000, 6000]",36.44,"['Photographedby\nAFletcher\n2025\n', 'k BDominick\nCharlesREdwanis\nMcCJellanyille g\nSouth Carolina 29458\n\n7ApR1909\n\nAtGy aa\n', 'WPC\n']","['2025\n', 'D\nCR\nC\nC 29458\n\n7R1909\n', 'C\n']","['P\n2025\n', 'C\nC\nC 29458\n\n7P1909\n', 'WPC\n']",modelv1.0__2025-04-08 15:18:50
D:/moth_photos/database/batch_07\img_moth_00013610.jpg,"[4000, 6000]",36.3,"['Photographedby\nAFletcher\n2025\n', 'RBDominick\nCharlesREdwards\nMcClellanville\nSouthCarolina29458\ne e\n3mays7L8\n\n1g\n', 'WPC\n365\n']","['2025\n', 'RD\nCR\nC\nC29458\n\n378\nC1\n', 'C\n365\n']","['P\n2025\n', 'C\nC\nC29458\n378\nC1\n', 'WPC\n365\n']",modelv1.0__2025-04-08 15:18:50
D:/moth_photos/database/batch_07\img_moth_00013611.jpg,"[4000, 6000]",36.68,"['Photoqraphedby\nAFletcher\n2025\n', 'KBVominick\nCharlesREdwards\nMcChellanville L\nSouthCarolina2945\n\n1h\n3MKGLF\n', 'wPC\n']","['2025\n', 'D\nCR\nC\nC2945\n\n1\n36\n', 'C\n']","['P\n2025\n', 'C\nC\nC2945\n\n1\n36\n', 'WPC\n']",modelv1.0__2025-04-08 15:18:50
D:/moth_photos/database/batch_07\img_moth_00013612.jpg,"[4000, 6000]",36.23529411764706,"['Photographedby\nAFletcher\n2025\n', 'RBDominick\n\nCharlesREdwards\n\nMcClellagville\n\nSoutaCarolina29458 e\n3b6MADIIES\nL164J\n', 'WPC\n367\n', '']","['2025\n', 'RRD\nCR\nC\nC29458\n36RDC\n164\n', 'C\n367\n', '']","['P\n2025\n', 'C\nC\nC29458\n36C\n164\n', 'WPC\n367\n', '']",modelv1.0__2025-04-08 15:18:50
D:/moth_photos/database/batch_07\img_moth_00013613.jpg,"[4000, 6000]",36.56,"['Photographedby\nAFletcher\n2025\n', 'RBDominick\n\nChariesREdwards\nMcChellanyille\n\nSouthCarolina29458\n7Jure196F\nLight\n', 'WPC\n368\n']","['2025\n', 'RD\n\nCR\nC\n\nC29458\n7196\n', 'C\n368\n']","['P\n2025\n', 'C\nC\n\nC29458\n7196\n', 'WPC\n368\n']",modelv1.0__2025-04-08 15:18:50
D:/moth_photos/database/batch_07\img_moth_00013614.jpg,"[4000, 6000]",36.739999999999995,"['Photographedby\nAFletcher\n2025\n', 'WPC\n369\n', 'McClellanville\npouth Carolina os\nDominick\n\nYen Ove\nAIGAP\n']","['2025\n', 'C\n369\n', 'C\nC\nD\n\n0\n']","['P\n2025\n', 'WPC\n369\n', 'C\nC\n\n0\nP\n']",modelv1.0__2025-04-08 15:18:50
D:/moth_photos/database/batch_07\img_moth_00013615.jpg,"[4000, 6000]",36.5,"['Photographedby\nAFletcher\n2025\n', 'RBDominick\na ChariesREdwards\nMcClellanville\neSouth Carolina 29458\n\n1FOct947\nhight\n', 'WPC\n370\n']","['2025\n', 'RRD\nCR\n\nC\nC 29458\n\n1947\n', 'C\n370\n']","['P\n2025\n', 'C\nC\nC 29458\n\n1947\n', 'WPC\n370\n']",modelv1.0__2025-04-08 15:18:50
D:/moth_photos/database/batch_07\img_moth_00013616.jpg,"[4000, 6000]",36.68,"['Photographedby\nAFletcher\n2025\n', 'WPC\n371\n', 'RBDominick\nChariesREdwards\nMcClellanville\n\nSouth Carolina 29458\n\n18 OcY 1967\nLishy\n']","['2025\n', 'C\n371\n', 'RRD\nCR\nC\nC 29458\n\n18 6 1967\n7\n']","['P\n2025\n', 'WPC\n371\n', 'C\nC\nC 29458\n\n18 6 1967\n7\n']",modelv1.0__2025-04-08 15:18:50
D:/moth_photos/database/batch_07\img_moth_00013617.jpg,"[4000, 6000]",36.14,"['Photographedby\nAFletcher\n2025\n', 'WedgePlantation\n7miNEMcCleljanvilleJ7\n\n3UBee\n\nlegRichardBDominick\n', 'WPC\n372\n']","['2025\n', '7C7\n\n3\n\nRD\n', 'C\n372\n']","['P\n2025\n', 'WP\n7C7\n\n3\n\nP\n', 'WPC\n372\n']",modelv1.0__2025-04-08 15:18:50
D:/moth_photos/database/batch_07\img_moth_00013618.jpg,"[4000, 6000]",36.54,"['Photographedby\nAFletcher\n2025\n', 'RBDominick\n\nCharlesREdwards\nMcGlellanville\n\nSouthCarolina 29458\n77OU41967\nAisayr\n', 'WPC\n\n373\n']","['2025\n', 'RRD\n\nCR\n\nC 29458\n77C41967\n', 'RC\n\n373\n']","['P\n2025\n', 'C\n\nC 29458\n77C41967\n', 'WPC\n\n373\n']",modelv1.0__2025-04-08 15:18:50
D:/moth_photos/database/batch_07\img_moth_00013619.jpg,"[4000, 6000]",36.21999999999999,"['Photographedby\nAFletcher\n2025\n', 'RBDominick\nCharlesREdwardis\nMcClellanville\nSouth Carolina29458\n\n2Ock1947\nAighr\n', 'WPC\n374\n']","['2025\n', 'RRD\nCR\nC\nC29458\n\n21947\n', 'C\n374\n']","['P\n2025\n', 'C\nC\nC29458\n\n21947\n', 'WPC\n374\n']",modelv1.0__2025-04-08 15:18:50
D:/moth_photos/database/batch_07\img_moth_00013620.jpg,"[4000, 6000]",36.379999999999995,"['Photographedby\nAFletcher\n2025\n', 'RBDominick\nChariesREdw\nMcClellanville\nSouthCerqjina29458\n\n7Oct9b7\nfngShpe\n\n', 'WPC\n375\n']","['2025\n', 'RRD\nCR\nC\nC29458\n\n797\nR\n\n', 'C\n375\n']","['P\n2025\n', 'C\nC\nC29458\n\n797\nP\n\n', 'WPC\n375\n']",modelv1.0__2025-04-08 15:18:50
D:/moth_photos/database/batch_07\img_moth_00013621.jpg,"[4000, 6000]",36.620000000000005,"['Photographedby\nAFletcher\n2025\n', 'WPC\n376\n', 'McClellanville\nSouthCarolina\nRB Dominick\n\n245hOF6Y\n\nLight\n']","['2025\n', 'RC\n376\n', 'C\nC\nR D\n\n24506\n']","['P\n2025\n', 'WPC\n376\n', 'C\nC\n\n24506\n']",modelv1.0__2025-04-08 15:18:50
D:/moth_photos/database/batch_07\img_moth_00013622.jpg,"[4000, 6000]",36.36000000000001,"['Photographedby\nAFletcher\n2025\n', 'McClellanville\nSouth Cerolina O\nRB Dominick\n\n27 what 1967\n', 'eWPC\n377\n']","['2025\n', 'C\nC 0\nR D\n\n27 1967\n', 'C\n377\n']","['P\n2025\n', 'WC\nC 0\n\n27 1967\n', 'WPC\n377\n']",modelv1.0__2025-04-08 15:18:50
D:/moth_photos/database/batch_07\img_moth_00013623.jpg,"[4000, 6000]",36.44,"['Photographedby\nAFletcher\n2025\n', 'McClellanville\nSouth Carolina e\nBDominick\n\nsSepC7\nAighr\n', 'WPC\n378\n', 'McClellanvilie\nOuth Caroling\n\noemm\n']","['2025\n', 'C\nC\nRD\n\nC7\n1\n', 'C\n378\n', 'C\nC C\n\n06\n']","['P\n2025\n', 'C\nC\n\nC7\n1\n', 'WPC\n378\n', 'C\nC C\n\n06\n']",modelv1.0__2025-04-08 15:18:50
D:/moth_photos/database/batch_07\img_moth_00013624.jpg,"[4000, 6000]",36.5,"['Photographedby\nAFletcher\n2025\n', 'McClellanville\nSouthCarolina oo\nRB Domin\n\n27S if 146\nfal 1\n', 'WPC\n379\n']","['2025\n', 'C\nC\nR8 D\n\n275 146\n1\n', 'C\n379\n']","['P\n2025\n', 'C\nC\n8\n\n275 146\n1\n', 'WPC\n379\n']",modelv1.0__2025-04-08 15:18:50
D:/moth_photos/database/batch_07\img_moth_00013625.jpg,"[4000, 6000]",36.54,"['Photographedby\nAFletcher\n2025\n', 'McClellanville\nSouthCarolina\nRBDominick ons\n\n18SeetI462\nLi\n', 'WPC\n']","['2025\n', 'C\nC\nRRD\n\n18462\n', 'C\n']","['P\n2025\n', 'C\nC\n\n18462\n', 'WPC\n']",modelv1.0__2025-04-08 15:18:50
D:/moth_photos/database/batch_07\img_moth_00013626.jpg,"[4000, 6000]",36.24,"['Photographedby\nAFletcher\n2025\n', 'Mc Clellanville\nSouth Caroli ne\nRB minick\n\n2841 146\nBAG\n', 'WPC\n381\n']","['2025\n', 'C\nC\nR\n\n2841 146\n4\n', 'C\n381\n']","['P\n2025\n', 'C\nC\n\n2841 146\n4\n', 'WPC\n381\n']",modelv1.0__2025-04-08 15:18:50
D:/moth_photos/database/batch_07\img_moth_00013627.jpg,"[4000, 6000]",36.56,"['Photographedby\nAFletcher\n2025\n', 'MCClellanville\nSouth Carolina\nB Dominick\n\nae\n', 'WPC\n382\n']","['2025\n', 'CC\nC\nD\n', 'C\n382\n']","['P\n2025\n', 'CC\nC\n', 'WPC\n382\n']",modelv1.0__2025-04-08 15:18:50
D:/moth_photos/database/batch_07\img_moth_00013628.jpg,"[4000, 6000]",36.16,"['Photogqraphedby\nAFletcher\n2025\n', 'McClellanville\nSouth Caroling\nBDom\n\n2 a Sept 1967\n', 'WPC\n383\n']","['2025\n', 'C\nC\nRD\n\n2 7 1967\n', 'C\n383\n']","['P\n2025\n', 'C\nC\n\n2 7 1967\n', 'WPC\n383\n']",modelv1.0__2025-04-08 15:18:50
D:/moth_photos/database/batch_07\img_moth_00013629.jpg,"[4000, 6000]",36.5,"['Photographedby\nAFletcher\nr40P40\n', '', 'WPCC\n\n384\n\n']","['4040\n', '', 'C\n\n384\n\n']","['P\nP40P40\n', '', 'WPCC\n\n384\n\n']",modelv1.0__2025-04-08 15:18:50
D:/moth_photos/database/batch_07\img_moth_00013630.jpg,"[4000, 6000]",36.54,"['Photographedby\nAFletcher\n2025\n', 'Wedge Plantation\n7miNEMcClellanville\n\n7 gleston Cogs caRS\nFOd57AZS\nlegPichardBDominick NN\n', 'oWPC\n385\n']","['2025\n', '71C\n\n7 C CR\n57\nRD 2\n', 'RC\n385\n']","['P\n2025\n', 'W P\n71C\n\n7 C C\n57\nPP 2\n', 'WPC\n385\n']",modelv1.0__2025-04-08 15:18:50
D:/moth_photos/database/batch_07\img_moth_00013631.jpg,"[4000, 6000]",36.48,"['Photographedby\nAFletcher\nr40F40\n', 'McClellanville\nSouthCarolina\nCAtarlesREdwards\n\na Ae yr 7\nA\n\n', 'WPC\n\n386\n']","['74040\n', 'C\nC\nCR\n\n7 7\n\n', 'C\n\n386\n']","['P\n740P40\n', 'C\nC\nC\n\n7 7\n\n', 'WPC\n\n386\n']",modelv1.0__2025-04-08 15:18:50
D:/moth_photos/database/batch_07\img_moth_00013632.jpg,"[4000, 6000]",36.795918367346935,"['Photographedby\nAFletcher\n2025\n', 'WPC\n387\n', 'McClellanville\nSouth Carolina a\nCharles REdwards\n\nS3Sept JFCt\nbrett\n']","['2025\n', 'C\n387\n', 'C\nC\nC R\n\n435 C\n']","['P\n2025\n', 'WPC\n387\n', 'C\nC\nC\n\n435 PC\n']",modelv1.0__2025-04-08 15:18:50
D:/moth_photos/database/batch_07\img_moth_00013633.jpg,"[4000, 6000]",36.66,"['Photographedby\nAFletcher\n2025\n', 'McClellanville\nSouthCarolina\nCharlesREdwards\n\no21Tellyb507\nLighp\n', 'WPC\n388\n']","['2025\n', 'C\nC\nCR\n\n214507\n', 'C\n388\n']","['P\n2025\n', 'C\nC\nC\n\n214507\n', 'WPC\n388\n']",modelv1.0__2025-04-08 15:18:50
